ISO-10303-21;
HEADER;
/* Generated by software containing ST-Developer
 * from STEP Tools, Inc. (www.steptools.com) 
 */

FILE_DESCRIPTION(
/* description */ (''),
/* implementation_level */ '2;1');

FILE_NAME(
/* name */ '',
/* time_stamp */ '2026-02-05T23:10:10+08:00',
/* author */ (''),
/* organization */ (''),
/* preprocessor_version */ 'ST-DEVELOPER v20.1',
/* originating_system */ 'Autodesk Translation Framework v14.24.0.0',
/* authorisation */ '');

FILE_SCHEMA (('AUTOMOTIVE_DESIGN { 1 0 10303 214 3 1 1 }'));
ENDSEC;

DATA;
#10=MECHANICAL_DESIGN_GEOMETRIC_PRESENTATION_REPRESENTATION('',(#13,#14,
#15),#3938);
#11=SHAPE_REPRESENTATION_RELATIONSHIP('SRR','None',#3945,#12);
#12=ADVANCED_BREP_SHAPE_REPRESENTATION('',(#16,#17,#18),#3937);
#13=STYLED_ITEM('',(#3954),#16);
#14=STYLED_ITEM('',(#3954),#17);
#15=STYLED_ITEM('',(#3954),#18);
#16=MANIFOLD_SOLID_BREP('\X2\5B9E4F53\X0\1',#2308);
#17=MANIFOLD_SOLID_BREP('\X2\5B9E4F53\X0\2',#2309);
#18=MANIFOLD_SOLID_BREP('\X2\5B9E4F53\X0\3',#2310);
#19=FACE_BOUND('',#379,.T.);
#20=FACE_BOUND('',#380,.T.);
#21=FACE_BOUND('',#381,.T.);
#22=FACE_BOUND('',#382,.T.);
#23=FACE_BOUND('',#384,.T.);
#24=FACE_BOUND('',#385,.T.);
#25=FACE_BOUND('',#386,.T.);
#26=FACE_BOUND('',#387,.T.);
#27=FACE_BOUND('',#390,.T.);
#28=FACE_BOUND('',#391,.T.);
#29=FACE_BOUND('',#426,.T.);
#30=FACE_BOUND('',#427,.T.);
#31=FACE_BOUND('',#432,.T.);
#32=FACE_BOUND('',#433,.T.);
#33=FACE_BOUND('',#435,.T.);
#34=FACE_BOUND('',#436,.T.);
#35=FACE_BOUND('',#439,.T.);
#36=FACE_BOUND('',#440,.T.);
#37=FACE_BOUND('',#441,.T.);
#38=FACE_BOUND('',#442,.T.);
#39=FACE_BOUND('',#443,.T.);
#40=FACE_BOUND('',#449,.T.);
#41=FACE_BOUND('',#450,.T.);
#42=FACE_BOUND('',#452,.T.);
#43=FACE_BOUND('',#453,.T.);
#44=FACE_BOUND('',#456,.T.);
#45=FACE_BOUND('',#457,.T.);
#46=FACE_BOUND('',#458,.T.);
#47=FACE_BOUND('',#459,.T.);
#48=FACE_BOUND('',#460,.T.);
#49=FACE_BOUND('',#493,.T.);
#50=FACE_BOUND('',#494,.T.);
#51=FACE_BOUND('',#495,.T.);
#52=FACE_BOUND('',#496,.T.);
#53=FACE_BOUND('',#498,.T.);
#54=FACE_BOUND('',#499,.T.);
#55=FACE_BOUND('',#500,.T.);
#56=FACE_BOUND('',#501,.T.);
#57=FACE_BOUND('',#504,.T.);
#58=FACE_BOUND('',#505,.T.);
#59=FACE_BOUND('',#540,.T.);
#60=FACE_BOUND('',#541,.T.);
#61=CIRCLE('',#2326,8.);
#62=CIRCLE('',#2327,8.00000000000001);
#63=CIRCLE('',#2329,4.);
#64=CIRCLE('',#2331,8.00000000000001);
#65=CIRCLE('',#2332,5.);
#66=CIRCLE('',#2333,3.99999999999999);
#67=CIRCLE('',#2334,3.99999999999988);
#68=CIRCLE('',#2335,3.99999999999999);
#69=CIRCLE('',#2336,4.00000000000002);
#70=CIRCLE('',#2337,3.99999999999999);
#71=CIRCLE('',#2338,4.00000000000002);
#72=CIRCLE('',#2339,3.99999999999999);
#73=CIRCLE('',#2340,4.00000000000002);
#74=CIRCLE('',#2342,5.);
#75=CIRCLE('',#2343,8.00000000000001);
#76=CIRCLE('',#2344,3.99999999999988);
#77=CIRCLE('',#2345,3.99999999999999);
#78=CIRCLE('',#2346,4.00000000000002);
#79=CIRCLE('',#2347,3.99999999999999);
#80=CIRCLE('',#2348,4.00000000000002);
#81=CIRCLE('',#2349,3.99999999999999);
#82=CIRCLE('',#2350,4.00000000000002);
#83=CIRCLE('',#2351,3.99999999999999);
#84=CIRCLE('',#2354,85.3540475407206);
#85=CIRCLE('',#2355,23.0143062675932);
#86=CIRCLE('',#2356,25.3230835449041);
#87=CIRCLE('',#2357,8.00000000000001);
#88=CIRCLE('',#2358,106.322030542077);
#89=CIRCLE('',#2359,4.15);
#90=CIRCLE('',#2360,105.69067782226);
#91=CIRCLE('',#2361,4.1500000000001);
#92=CIRCLE('',#2362,4.);
#93=CIRCLE('',#2364,3.99999999999999);
#94=CIRCLE('',#2372,4.1500000000001);
#95=CIRCLE('',#2374,105.69067782226);
#96=CIRCLE('',#2376,4.15);
#97=CIRCLE('',#2378,106.322030542077);
#98=CIRCLE('',#2396,4.);
#99=CIRCLE('',#2399,25.3230835449041);
#100=CIRCLE('',#2401,23.0143062675932);
#101=CIRCLE('',#2403,85.3540475407206);
#102=CIRCLE('',#2405,8.00000000000001);
#103=CIRCLE('',#2409,7.99999999999997);
#104=CIRCLE('',#2410,8.);
#105=CIRCLE('',#2412,4.);
#106=CIRCLE('',#2414,4.99999999999989);
#107=CIRCLE('',#2415,5.);
#108=CIRCLE('',#2416,20.);
#109=CIRCLE('',#2417,20.);
#110=CIRCLE('',#2418,3.99999999999999);
#111=CIRCLE('',#2419,3.99999999999999);
#112=CIRCLE('',#2421,20.);
#113=CIRCLE('',#2422,20.);
#114=CIRCLE('',#2423,5.);
#115=CIRCLE('',#2424,4.99999999999989);
#116=CIRCLE('',#2425,3.99999999999999);
#117=CIRCLE('',#2426,3.99999999999999);
#118=CIRCLE('',#2429,48.5);
#119=CIRCLE('',#2430,4.50000000000003);
#120=CIRCLE('',#2431,4.50000000000003);
#121=CIRCLE('',#2432,4.49999999999999);
#122=CIRCLE('',#2433,4.49999999999999);
#123=CIRCLE('',#2435,3.99999999999999);
#124=CIRCLE('',#2438,3.99999999999999);
#125=CIRCLE('',#2439,4.);
#126=CIRCLE('',#2441,8.);
#127=CIRCLE('',#2443,5.);
#128=CIRCLE('',#2444,5.);
#129=CIRCLE('',#2445,20.);
#130=CIRCLE('',#2446,20.);
#131=CIRCLE('',#2447,4.);
#132=CIRCLE('',#2448,3.99999999999999);
#133=CIRCLE('',#2450,20.);
#134=CIRCLE('',#2451,20.);
#135=CIRCLE('',#2452,5.);
#136=CIRCLE('',#2453,5.);
#137=CIRCLE('',#2454,4.);
#138=CIRCLE('',#2455,3.99999999999999);
#139=CIRCLE('',#2458,48.5);
#140=CIRCLE('',#2459,4.50000000000003);
#141=CIRCLE('',#2460,4.50000000000003);
#142=CIRCLE('',#2461,4.49999999999999);
#143=CIRCLE('',#2462,4.49999999999999);
#144=CIRCLE('',#2464,8.00000000000001);
#145=CIRCLE('',#2494,8.00000000000001);
#146=CIRCLE('',#2495,8.);
#147=CIRCLE('',#2497,4.);
#148=CIRCLE('',#2499,5.);
#149=CIRCLE('',#2500,8.00000000000001);
#150=CIRCLE('',#2501,4.00000000000002);
#151=CIRCLE('',#2502,4.00000000000013);
#152=CIRCLE('',#2503,4.00000000000002);
#153=CIRCLE('',#2504,3.99999999999999);
#154=CIRCLE('',#2505,4.00000000000013);
#155=CIRCLE('',#2506,3.99999999999988);
#156=CIRCLE('',#2507,4.00000000000002);
#157=CIRCLE('',#2508,3.99999999999999);
#158=CIRCLE('',#2510,8.00000000000001);
#159=CIRCLE('',#2511,5.);
#160=CIRCLE('',#2512,4.00000000000013);
#161=CIRCLE('',#2513,4.00000000000002);
#162=CIRCLE('',#2514,3.99999999999999);
#163=CIRCLE('',#2515,4.00000000000002);
#164=CIRCLE('',#2516,3.99999999999988);
#165=CIRCLE('',#2517,4.00000000000013);
#166=CIRCLE('',#2518,3.99999999999999);
#167=CIRCLE('',#2519,4.00000000000002);
#168=CIRCLE('',#2522,7.99999999999997);
#169=CIRCLE('',#2523,25.3230835449039);
#170=CIRCLE('',#2524,23.0143062675931);
#171=CIRCLE('',#2525,85.3540475407206);
#172=CIRCLE('',#2526,4.15000000000001);
#173=CIRCLE('',#2527,106.322030542077);
#174=CIRCLE('',#2528,4.14999999999978);
#175=CIRCLE('',#2529,105.69067782226);
#176=CIRCLE('',#2530,3.99999999999999);
#177=CIRCLE('',#2532,3.99999999999999);
#178=CIRCLE('',#2540,105.69067782226);
#179=CIRCLE('',#2542,4.14999999999978);
#180=CIRCLE('',#2544,106.322030542077);
#181=CIRCLE('',#2546,4.15000000000001);
#182=CIRCLE('',#2564,3.99999999999999);
#183=CIRCLE('',#2566,25.3230835449039);
#184=CIRCLE('',#2569,7.99999999999997);
#185=CIRCLE('',#2571,85.3540475407206);
#186=CIRCLE('',#2573,23.0143062675931);
#187=CYLINDRICAL_SURFACE('',#2325,8.);
#188=CYLINDRICAL_SURFACE('',#2365,8.00000000000001);
#189=CYLINDRICAL_SURFACE('',#2367,4.);
#190=CYLINDRICAL_SURFACE('',#2368,5.);
#191=CYLINDRICAL_SURFACE('',#2371,4.1500000000001);
#192=CYLINDRICAL_SURFACE('',#2373,105.69067782226);
#193=CYLINDRICAL_SURFACE('',#2375,4.15);
#194=CYLINDRICAL_SURFACE('',#2377,106.322030542077);
#195=CYLINDRICAL_SURFACE('',#2379,3.99999999999988);
#196=CYLINDRICAL_SURFACE('',#2381,3.99999999999999);
#197=CYLINDRICAL_SURFACE('',#2383,4.00000000000002);
#198=CYLINDRICAL_SURFACE('',#2385,3.99999999999999);
#199=CYLINDRICAL_SURFACE('',#2387,4.00000000000002);
#200=CYLINDRICAL_SURFACE('',#2389,3.99999999999999);
#201=CYLINDRICAL_SURFACE('',#2391,4.00000000000002);
#202=CYLINDRICAL_SURFACE('',#2393,3.99999999999999);
#203=CYLINDRICAL_SURFACE('',#2395,4.);
#204=CYLINDRICAL_SURFACE('',#2398,25.3230835449041);
#205=CYLINDRICAL_SURFACE('',#2400,23.0143062675932);
#206=CYLINDRICAL_SURFACE('',#2402,85.3540475407206);
#207=CYLINDRICAL_SURFACE('',#2404,8.00000000000001);
#208=CYLINDRICAL_SURFACE('',#2408,8.);
#209=CYLINDRICAL_SURFACE('',#2437,4.);
#210=CYLINDRICAL_SURFACE('',#2465,48.5);
#211=CYLINDRICAL_SURFACE('',#2466,4.);
#212=CYLINDRICAL_SURFACE('',#2467,3.99999999999999);
#213=CYLINDRICAL_SURFACE('',#2468,3.99999999999999);
#214=CYLINDRICAL_SURFACE('',#2469,3.99999999999999);
#215=CYLINDRICAL_SURFACE('',#2470,4.50000000000003);
#216=CYLINDRICAL_SURFACE('',#2471,4.50000000000003);
#217=CYLINDRICAL_SURFACE('',#2472,4.49999999999999);
#218=CYLINDRICAL_SURFACE('',#2473,4.49999999999999);
#219=CYLINDRICAL_SURFACE('',#2475,20.);
#220=CYLINDRICAL_SURFACE('',#2477,20.);
#221=CYLINDRICAL_SURFACE('',#2479,5.);
#222=CYLINDRICAL_SURFACE('',#2481,4.99999999999989);
#223=CYLINDRICAL_SURFACE('',#2483,5.);
#224=CYLINDRICAL_SURFACE('',#2485,5.);
#225=CYLINDRICAL_SURFACE('',#2487,20.);
#226=CYLINDRICAL_SURFACE('',#2489,20.);
#227=CYLINDRICAL_SURFACE('',#2490,4.);
#228=CYLINDRICAL_SURFACE('',#2491,8.);
#229=CYLINDRICAL_SURFACE('',#2493,8.);
#230=CYLINDRICAL_SURFACE('',#2533,5.);
#231=CYLINDRICAL_SURFACE('',#2535,4.);
#232=CYLINDRICAL_SURFACE('',#2536,8.00000000000001);
#233=CYLINDRICAL_SURFACE('',#2539,105.69067782226);
#234=CYLINDRICAL_SURFACE('',#2541,4.14999999999978);
#235=CYLINDRICAL_SURFACE('',#2543,106.322030542077);
#236=CYLINDRICAL_SURFACE('',#2545,4.15000000000001);
#237=CYLINDRICAL_SURFACE('',#2547,4.00000000000013);
#238=CYLINDRICAL_SURFACE('',#2549,4.00000000000002);
#239=CYLINDRICAL_SURFACE('',#2551,3.99999999999999);
#240=CYLINDRICAL_SURFACE('',#2553,4.00000000000002);
#241=CYLINDRICAL_SURFACE('',#2555,3.99999999999988);
#242=CYLINDRICAL_SURFACE('',#2557,4.00000000000013);
#243=CYLINDRICAL_SURFACE('',#2559,3.99999999999999);
#244=CYLINDRICAL_SURFACE('',#2561,4.00000000000002);
#245=CYLINDRICAL_SURFACE('',#2563,3.99999999999999);
#246=CYLINDRICAL_SURFACE('',#2565,25.3230835449039);
#247=CYLINDRICAL_SURFACE('',#2568,7.99999999999997);
#248=CYLINDRICAL_SURFACE('',#2570,85.3540475407206);
#249=CYLINDRICAL_SURFACE('',#2572,23.0143062675931);
#250=FACE_OUTER_BOUND('',#375,.T.);
#251=FACE_OUTER_BOUND('',#376,.T.);
#252=FACE_OUTER_BOUND('',#377,.T.);
#253=FACE_OUTER_BOUND('',#378,.T.);
#254=FACE_OUTER_BOUND('',#383,.T.);
#255=FACE_OUTER_BOUND('',#388,.T.);
#256=FACE_OUTER_BOUND('',#389,.T.);
#257=FACE_OUTER_BOUND('',#392,.T.);
#258=FACE_OUTER_BOUND('',#393,.T.);
#259=FACE_OUTER_BOUND('',#394,.T.);
#260=FACE_OUTER_BOUND('',#395,.T.);
#261=FACE_OUTER_BOUND('',#396,.T.);
#262=FACE_OUTER_BOUND('',#397,.T.);
#263=FACE_OUTER_BOUND('',#398,.T.);
#264=FACE_OUTER_BOUND('',#399,.T.);
#265=FACE_OUTER_BOUND('',#400,.T.);
#266=FACE_OUTER_BOUND('',#401,.T.);
#267=FACE_OUTER_BOUND('',#402,.T.);
#268=FACE_OUTER_BOUND('',#403,.T.);
#269=FACE_OUTER_BOUND('',#404,.T.);
#270=FACE_OUTER_BOUND('',#405,.T.);
#271=FACE_OUTER_BOUND('',#406,.T.);
#272=FACE_OUTER_BOUND('',#407,.T.);
#273=FACE_OUTER_BOUND('',#408,.T.);
#274=FACE_OUTER_BOUND('',#409,.T.);
#275=FACE_OUTER_BOUND('',#410,.T.);
#276=FACE_OUTER_BOUND('',#411,.T.);
#277=FACE_OUTER_BOUND('',#412,.T.);
#278=FACE_OUTER_BOUND('',#413,.T.);
#279=FACE_OUTER_BOUND('',#414,.T.);
#280=FACE_OUTER_BOUND('',#415,.T.);
#281=FACE_OUTER_BOUND('',#416,.T.);
#282=FACE_OUTER_BOUND('',#417,.T.);
#283=FACE_OUTER_BOUND('',#418,.T.);
#284=FACE_OUTER_BOUND('',#419,.T.);
#285=FACE_OUTER_BOUND('',#420,.T.);
#286=FACE_OUTER_BOUND('',#421,.T.);
#287=FACE_OUTER_BOUND('',#422,.T.);
#288=FACE_OUTER_BOUND('',#423,.T.);
#289=FACE_OUTER_BOUND('',#424,.T.);
#290=FACE_OUTER_BOUND('',#425,.T.);
#291=FACE_OUTER_BOUND('',#428,.T.);
#292=FACE_OUTER_BOUND('',#429,.T.);
#293=FACE_OUTER_BOUND('',#430,.T.);
#294=FACE_OUTER_BOUND('',#431,.T.);
#295=FACE_OUTER_BOUND('',#434,.T.);
#296=FACE_OUTER_BOUND('',#437,.T.);
#297=FACE_OUTER_BOUND('',#438,.T.);
#298=FACE_OUTER_BOUND('',#444,.T.);
#299=FACE_OUTER_BOUND('',#445,.T.);
#300=FACE_OUTER_BOUND('',#446,.T.);
#301=FACE_OUTER_BOUND('',#447,.T.);
#302=FACE_OUTER_BOUND('',#448,.T.);
#303=FACE_OUTER_BOUND('',#451,.T.);
#304=FACE_OUTER_BOUND('',#454,.T.);
#305=FACE_OUTER_BOUND('',#455,.T.);
#306=FACE_OUTER_BOUND('',#461,.T.);
#307=FACE_OUTER_BOUND('',#462,.T.);
#308=FACE_OUTER_BOUND('',#463,.T.);
#309=FACE_OUTER_BOUND('',#464,.T.);
#310=FACE_OUTER_BOUND('',#465,.T.);
#311=FACE_OUTER_BOUND('',#466,.T.);
#312=FACE_OUTER_BOUND('',#467,.T.);
#313=FACE_OUTER_BOUND('',#468,.T.);
#314=FACE_OUTER_BOUND('',#469,.T.);
#315=FACE_OUTER_BOUND('',#470,.T.);
#316=FACE_OUTER_BOUND('',#471,.T.);
#317=FACE_OUTER_BOUND('',#472,.T.);
#318=FACE_OUTER_BOUND('',#473,.T.);
#319=FACE_OUTER_BOUND('',#474,.T.);
#320=FACE_OUTER_BOUND('',#475,.T.);
#321=FACE_OUTER_BOUND('',#476,.T.);
#322=FACE_OUTER_BOUND('',#477,.T.);
#323=FACE_OUTER_BOUND('',#478,.T.);
#324=FACE_OUTER_BOUND('',#479,.T.);
#325=FACE_OUTER_BOUND('',#480,.T.);
#326=FACE_OUTER_BOUND('',#481,.T.);
#327=FACE_OUTER_BOUND('',#482,.T.);
#328=FACE_OUTER_BOUND('',#483,.T.);
#329=FACE_OUTER_BOUND('',#484,.T.);
#330=FACE_OUTER_BOUND('',#485,.T.);
#331=FACE_OUTER_BOUND('',#486,.T.);
#332=FACE_OUTER_BOUND('',#487,.T.);
#333=FACE_OUTER_BOUND('',#488,.T.);
#334=FACE_OUTER_BOUND('',#489,.T.);
#335=FACE_OUTER_BOUND('',#490,.T.);
#336=FACE_OUTER_BOUND('',#491,.T.);
#337=FACE_OUTER_BOUND('',#492,.T.);
#338=FACE_OUTER_BOUND('',#497,.T.);
#339=FACE_OUTER_BOUND('',#502,.T.);
#340=FACE_OUTER_BOUND('',#503,.T.);
#341=FACE_OUTER_BOUND('',#506,.T.);
#342=FACE_OUTER_BOUND('',#507,.T.);
#343=FACE_OUTER_BOUND('',#508,.T.);
#344=FACE_OUTER_BOUND('',#509,.T.);
#345=FACE_OUTER_BOUND('',#510,.T.);
#346=FACE_OUTER_BOUND('',#511,.T.);
#347=FACE_OUTER_BOUND('',#512,.T.);
#348=FACE_OUTER_BOUND('',#513,.T.);
#349=FACE_OUTER_BOUND('',#514,.T.);
#350=FACE_OUTER_BOUND('',#515,.T.);
#351=FACE_OUTER_BOUND('',#516,.T.);
#352=FACE_OUTER_BOUND('',#517,.T.);
#353=FACE_OUTER_BOUND('',#518,.T.);
#354=FACE_OUTER_BOUND('',#519,.T.);
#355=FACE_OUTER_BOUND('',#520,.T.);
#356=FACE_OUTER_BOUND('',#521,.T.);
#357=FACE_OUTER_BOUND('',#522,.T.);
#358=FACE_OUTER_BOUND('',#523,.T.);
#359=FACE_OUTER_BOUND('',#524,.T.);
#360=FACE_OUTER_BOUND('',#525,.T.);
#361=FACE_OUTER_BOUND('',#526,.T.);
#362=FACE_OUTER_BOUND('',#527,.T.);
#363=FACE_OUTER_BOUND('',#528,.T.);
#364=FACE_OUTER_BOUND('',#529,.T.);
#365=FACE_OUTER_BOUND('',#530,.T.);
#366=FACE_OUTER_BOUND('',#531,.T.);
#367=FACE_OUTER_BOUND('',#532,.T.);
#368=FACE_OUTER_BOUND('',#533,.T.);
#369=FACE_OUTER_BOUND('',#534,.T.);
#370=FACE_OUTER_BOUND('',#535,.T.);
#371=FACE_OUTER_BOUND('',#536,.T.);
#372=FACE_OUTER_BOUND('',#537,.T.);
#373=FACE_OUTER_BOUND('',#538,.T.);
#374=FACE_OUTER_BOUND('',#539,.T.);
#375=EDGE_LOOP('',(#1471,#1472,#1473,#1474));
#376=EDGE_LOOP('',(#1475,#1476,#1477,#1478));
#377=EDGE_LOOP('',(#1479,#1480,#1481,#1482));
#378=EDGE_LOOP('',(#1483,#1484,#1485,#1486,#1487,#1488));
#379=EDGE_LOOP('',(#1489,#1490,#1491,#1492));
#380=EDGE_LOOP('',(#1493,#1494,#1495,#1496));
#381=EDGE_LOOP('',(#1497,#1498,#1499,#1500));
#382=EDGE_LOOP('',(#1501,#1502,#1503,#1504));
#383=EDGE_LOOP('',(#1505,#1506,#1507,#1508,#1509,#1510));
#384=EDGE_LOOP('',(#1511,#1512,#1513,#1514));
#385=EDGE_LOOP('',(#1515,#1516,#1517,#1518));
#386=EDGE_LOOP('',(#1519,#1520,#1521,#1522));
#387=EDGE_LOOP('',(#1523,#1524,#1525,#1526));
#388=EDGE_LOOP('',(#1527,#1528,#1529,#1530));
#389=EDGE_LOOP('',(#1531,#1532,#1533,#1534,#1535,#1536,#1537,#1538));
#390=EDGE_LOOP('',(#1539,#1540,#1541,#1542));
#391=EDGE_LOOP('',(#1543));
#392=EDGE_LOOP('',(#1544,#1545,#1546,#1547));
#393=EDGE_LOOP('',(#1548,#1549,#1550,#1551));
#394=EDGE_LOOP('',(#1552,#1553,#1554,#1555));
#395=EDGE_LOOP('',(#1556,#1557,#1558,#1559));
#396=EDGE_LOOP('',(#1560,#1561,#1562,#1563));
#397=EDGE_LOOP('',(#1564,#1565,#1566,#1567));
#398=EDGE_LOOP('',(#1568,#1569,#1570,#1571));
#399=EDGE_LOOP('',(#1572,#1573,#1574,#1575));
#400=EDGE_LOOP('',(#1576,#1577,#1578,#1579));
#401=EDGE_LOOP('',(#1580,#1581,#1582,#1583));
#402=EDGE_LOOP('',(#1584,#1585,#1586,#1587));
#403=EDGE_LOOP('',(#1588,#1589,#1590,#1591));
#404=EDGE_LOOP('',(#1592,#1593,#1594,#1595));
#405=EDGE_LOOP('',(#1596,#1597,#1598,#1599));
#406=EDGE_LOOP('',(#1600,#1601,#1602,#1603));
#407=EDGE_LOOP('',(#1604,#1605,#1606,#1607));
#408=EDGE_LOOP('',(#1608,#1609,#1610,#1611));
#409=EDGE_LOOP('',(#1612,#1613,#1614,#1615));
#410=EDGE_LOOP('',(#1616,#1617,#1618,#1619));
#411=EDGE_LOOP('',(#1620,#1621,#1622,#1623));
#412=EDGE_LOOP('',(#1624,#1625,#1626,#1627));
#413=EDGE_LOOP('',(#1628,#1629,#1630,#1631));
#414=EDGE_LOOP('',(#1632,#1633,#1634,#1635));
#415=EDGE_LOOP('',(#1636,#1637,#1638,#1639));
#416=EDGE_LOOP('',(#1640,#1641,#1642,#1643));
#417=EDGE_LOOP('',(#1644,#1645,#1646,#1647));
#418=EDGE_LOOP('',(#1648,#1649,#1650,#1651));
#419=EDGE_LOOP('',(#1652,#1653,#1654,#1655));
#420=EDGE_LOOP('',(#1656,#1657,#1658,#1659));
#421=EDGE_LOOP('',(#1660,#1661,#1662,#1663));
#422=EDGE_LOOP('',(#1664,#1665,#1666,#1667));
#423=EDGE_LOOP('',(#1668,#1669,#1670,#1671));
#424=EDGE_LOOP('',(#1672,#1673,#1674,#1675));
#425=EDGE_LOOP('',(#1676,#1677,#1678,#1679,#1680,#1681,#1682,#1683));
#426=EDGE_LOOP('',(#1684));
#427=EDGE_LOOP('',(#1685,#1686,#1687,#1688));
#428=EDGE_LOOP('',(#1689,#1690,#1691,#1692));
#429=EDGE_LOOP('',(#1693,#1694,#1695,#1696));
#430=EDGE_LOOP('',(#1697,#1698,#1699,#1700));
#431=EDGE_LOOP('',(#1701,#1702,#1703,#1704,#1705,#1706,#1707,#1708,#1709,
#1710));
#432=EDGE_LOOP('',(#1711));
#433=EDGE_LOOP('',(#1712));
#434=EDGE_LOOP('',(#1713,#1714,#1715,#1716,#1717,#1718,#1719,#1720,#1721,
#1722));
#435=EDGE_LOOP('',(#1723));
#436=EDGE_LOOP('',(#1724));
#437=EDGE_LOOP('',(#1725,#1726,#1727,#1728));
#438=EDGE_LOOP('',(#1729,#1730,#1731,#1732));
#439=EDGE_LOOP('',(#1733));
#440=EDGE_LOOP('',(#1734));
#441=EDGE_LOOP('',(#1735));
#442=EDGE_LOOP('',(#1736));
#443=EDGE_LOOP('',(#1737));
#444=EDGE_LOOP('',(#1738,#1739,#1740,#1741));
#445=EDGE_LOOP('',(#1742,#1743,#1744,#1745));
#446=EDGE_LOOP('',(#1746,#1747,#1748,#1749));
#447=EDGE_LOOP('',(#1750,#1751,#1752,#1753));
#448=EDGE_LOOP('',(#1754,#1755,#1756,#1757,#1758,#1759,#1760,#1761,#1762,
#1763));
#449=EDGE_LOOP('',(#1764));
#450=EDGE_LOOP('',(#1765));
#451=EDGE_LOOP('',(#1766,#1767,#1768,#1769,#1770,#1771,#1772,#1773,#1774,
#1775));
#452=EDGE_LOOP('',(#1776));
#453=EDGE_LOOP('',(#1777));
#454=EDGE_LOOP('',(#1778,#1779,#1780,#1781));
#455=EDGE_LOOP('',(#1782,#1783,#1784,#1785));
#456=EDGE_LOOP('',(#1786));
#457=EDGE_LOOP('',(#1787));
#458=EDGE_LOOP('',(#1788));
#459=EDGE_LOOP('',(#1789));
#460=EDGE_LOOP('',(#1790));
#461=EDGE_LOOP('',(#1791,#1792,#1793,#1794));
#462=EDGE_LOOP('',(#1795,#1796,#1797,#1798));
#463=EDGE_LOOP('',(#1799,#1800,#1801,#1802));
#464=EDGE_LOOP('',(#1803,#1804,#1805,#1806));
#465=EDGE_LOOP('',(#1807,#1808,#1809,#1810));
#466=EDGE_LOOP('',(#1811,#1812,#1813,#1814));
#467=EDGE_LOOP('',(#1815,#1816,#1817,#1818));
#468=EDGE_LOOP('',(#1819,#1820,#1821,#1822));
#469=EDGE_LOOP('',(#1823,#1824,#1825,#1826));
#470=EDGE_LOOP('',(#1827,#1828,#1829,#1830));
#471=EDGE_LOOP('',(#1831,#1832,#1833,#1834));
#472=EDGE_LOOP('',(#1835,#1836,#1837,#1838));
#473=EDGE_LOOP('',(#1839,#1840,#1841,#1842));
#474=EDGE_LOOP('',(#1843,#1844,#1845,#1846));
#475=EDGE_LOOP('',(#1847,#1848,#1849,#1850));
#476=EDGE_LOOP('',(#1851,#1852,#1853,#1854));
#477=EDGE_LOOP('',(#1855,#1856,#1857,#1858));
#478=EDGE_LOOP('',(#1859,#1860,#1861,#1862));
#479=EDGE_LOOP('',(#1863,#1864,#1865,#1866));
#480=EDGE_LOOP('',(#1867,#1868,#1869,#1870));
#481=EDGE_LOOP('',(#1871,#1872,#1873,#1874));
#482=EDGE_LOOP('',(#1875,#1876,#1877,#1878));
#483=EDGE_LOOP('',(#1879,#1880,#1881,#1882));
#484=EDGE_LOOP('',(#1883,#1884,#1885,#1886));
#485=EDGE_LOOP('',(#1887,#1888,#1889,#1890));
#486=EDGE_LOOP('',(#1891,#1892,#1893,#1894));
#487=EDGE_LOOP('',(#1895,#1896,#1897,#1898));
#488=EDGE_LOOP('',(#1899,#1900,#1901,#1902));
#489=EDGE_LOOP('',(#1903,#1904,#1905,#1906));
#490=EDGE_LOOP('',(#1907,#1908,#1909,#1910));
#491=EDGE_LOOP('',(#1911,#1912,#1913,#1914));
#492=EDGE_LOOP('',(#1915,#1916,#1917,#1918,#1919,#1920));
#493=EDGE_LOOP('',(#1921,#1922,#1923,#1924));
#494=EDGE_LOOP('',(#1925,#1926,#1927,#1928));
#495=EDGE_LOOP('',(#1929,#1930,#1931,#1932));
#496=EDGE_LOOP('',(#1933,#1934,#1935,#1936));
#497=EDGE_LOOP('',(#1937,#1938,#1939,#1940,#1941,#1942));
#498=EDGE_LOOP('',(#1943,#1944,#1945,#1946));
#499=EDGE_LOOP('',(#1947,#1948,#1949,#1950));
#500=EDGE_LOOP('',(#1951,#1952,#1953,#1954));
#501=EDGE_LOOP('',(#1955,#1956,#1957,#1958));
#502=EDGE_LOOP('',(#1959,#1960,#1961,#1962));
#503=EDGE_LOOP('',(#1963,#1964,#1965,#1966,#1967,#1968,#1969,#1970));
#504=EDGE_LOOP('',(#1971,#1972,#1973,#1974));
#505=EDGE_LOOP('',(#1975));
#506=EDGE_LOOP('',(#1976,#1977,#1978,#1979));
#507=EDGE_LOOP('',(#1980,#1981,#1982,#1983));
#508=EDGE_LOOP('',(#1984,#1985,#1986,#1987));
#509=EDGE_LOOP('',(#1988,#1989,#1990,#1991));
#510=EDGE_LOOP('',(#1992,#1993,#1994,#1995));
#511=EDGE_LOOP('',(#1996,#1997,#1998,#1999));
#512=EDGE_LOOP('',(#2000,#2001,#2002,#2003));
#513=EDGE_LOOP('',(#2004,#2005,#2006,#2007));
#514=EDGE_LOOP('',(#2008,#2009,#2010,#2011));
#515=EDGE_LOOP('',(#2012,#2013,#2014,#2015));
#516=EDGE_LOOP('',(#2016,#2017,#2018,#2019));
#517=EDGE_LOOP('',(#2020,#2021,#2022,#2023));
#518=EDGE_LOOP('',(#2024,#2025,#2026,#2027));
#519=EDGE_LOOP('',(#2028,#2029,#2030,#2031));
#520=EDGE_LOOP('',(#2032,#2033,#2034,#2035));
#521=EDGE_LOOP('',(#2036,#2037,#2038,#2039));
#522=EDGE_LOOP('',(#2040,#2041,#2042,#2043));
#523=EDGE_LOOP('',(#2044,#2045,#2046,#2047));
#524=EDGE_LOOP('',(#2048,#2049,#2050,#2051));
#525=EDGE_LOOP('',(#2052,#2053,#2054,#2055));
#526=EDGE_LOOP('',(#2056,#2057,#2058,#2059));
#527=EDGE_LOOP('',(#2060,#2061,#2062,#2063));
#528=EDGE_LOOP('',(#2064,#2065,#2066,#2067));
#529=EDGE_LOOP('',(#2068,#2069,#2070,#2071));
#530=EDGE_LOOP('',(#2072,#2073,#2074,#2075));
#531=EDGE_LOOP('',(#2076,#2077,#2078,#2079));
#532=EDGE_LOOP('',(#2080,#2081,#2082,#2083));
#533=EDGE_LOOP('',(#2084,#2085,#2086,#2087));
#534=EDGE_LOOP('',(#2088,#2089,#2090,#2091));
#535=EDGE_LOOP('',(#2092,#2093,#2094,#2095));
#536=EDGE_LOOP('',(#2096,#2097,#2098,#2099));
#537=EDGE_LOOP('',(#2100,#2101,#2102,#2103));
#538=EDGE_LOOP('',(#2104,#2105,#2106,#2107));
#539=EDGE_LOOP('',(#2108,#2109,#2110,#2111,#2112,#2113,#2114,#2115));
#540=EDGE_LOOP('',(#2116));
#541=EDGE_LOOP('',(#2117,#2118,#2119,#2120));
#542=LINE('',#3282,#741);
#543=LINE('',#3284,#742);
#544=LINE('',#3286,#743);
#545=LINE('',#3287,#744);
#546=LINE('',#3290,#745);
#547=LINE('',#3294,#746);
#548=LINE('',#3298,#747);
#549=LINE('',#3301,#748);
#550=LINE('',#3303,#749);
#551=LINE('',#3305,#750);
#552=LINE('',#3309,#751);
#553=LINE('',#3313,#752);
#554=LINE('',#3317,#753);
#555=LINE('',#3321,#754);
#556=LINE('',#3325,#755);
#557=LINE('',#3329,#756);
#558=LINE('',#3333,#757);
#559=LINE('',#3337,#758);
#560=LINE('',#3341,#759);
#561=LINE('',#3347,#760);
#562=LINE('',#3350,#761);
#563=LINE('',#3353,#762);
#564=LINE('',#3357,#763);
#565=LINE('',#3361,#764);
#566=LINE('',#3365,#765);
#567=LINE('',#3369,#766);
#568=LINE('',#3373,#767);
#569=LINE('',#3377,#768);
#570=LINE('',#3381,#769);
#571=LINE('',#3385,#770);
#572=LINE('',#3387,#771);
#573=LINE('',#3388,#772);
#574=LINE('',#3391,#773);
#575=LINE('',#3393,#774);
#576=LINE('',#3401,#775);
#577=LINE('',#3414,#776);
#578=LINE('',#3417,#777);
#579=LINE('',#3418,#778);
#580=LINE('',#3422,#779);
#581=LINE('',#3425,#780);
#582=LINE('',#3426,#781);
#583=LINE('',#3432,#782);
#584=LINE('',#3433,#783);
#585=LINE('',#3437,#784);
#586=LINE('',#3441,#785);
#587=LINE('',#3445,#786);
#588=LINE('',#3446,#787);
#589=LINE('',#3448,#788);
#590=LINE('',#3450,#789);
#591=LINE('',#3453,#790);
#592=LINE('',#3454,#791);
#593=LINE('',#3456,#792);
#594=LINE('',#3458,#793);
#595=LINE('',#3461,#794);
#596=LINE('',#3462,#795);
#597=LINE('',#3464,#796);
#598=LINE('',#3466,#797);
#599=LINE('',#3469,#798);
#600=LINE('',#3470,#799);
#601=LINE('',#3472,#800);
#602=LINE('',#3474,#801);
#603=LINE('',#3478,#802);
#604=LINE('',#3483,#803);
#605=LINE('',#3484,#804);
#606=LINE('',#3485,#805);
#607=LINE('',#3489,#806);
#608=LINE('',#3493,#807);
#609=LINE('',#3502,#808);
#610=LINE('',#3504,#809);
#611=LINE('',#3506,#810);
#612=LINE('',#3507,#811);
#613=LINE('',#3510,#812);
#614=LINE('',#3514,#813);
#615=LINE('',#3518,#814);
#616=LINE('',#3521,#815);
#617=LINE('',#3523,#816);
#618=LINE('',#3525,#817);
#619=LINE('',#3529,#818);
#620=LINE('',#3533,#819);
#621=LINE('',#3537,#820);
#622=LINE('',#3547,#821);
#623=LINE('',#3551,#822);
#624=LINE('',#3555,#823);
#625=LINE('',#3558,#824);
#626=LINE('',#3565,#825);
#627=LINE('',#3567,#826);
#628=LINE('',#3568,#827);
#629=LINE('',#3571,#828);
#630=LINE('',#3573,#829);
#631=LINE('',#3574,#830);
#632=LINE('',#3586,#831);
#633=LINE('',#3591,#832);
#634=LINE('',#3593,#833);
#635=LINE('',#3595,#834);
#636=LINE('',#3596,#835);
#637=LINE('',#3599,#836);
#638=LINE('',#3604,#837);
#639=LINE('',#3607,#838);
#640=LINE('',#3609,#839);
#641=LINE('',#3613,#840);
#642=LINE('',#3617,#841);
#643=LINE('',#3621,#842);
#644=LINE('',#3631,#843);
#645=LINE('',#3635,#844);
#646=LINE('',#3639,#845);
#647=LINE('',#3642,#846);
#648=LINE('',#3648,#847);
#649=LINE('',#3651,#848);
#650=LINE('',#3652,#849);
#651=LINE('',#3664,#850);
#652=LINE('',#3667,#851);
#653=LINE('',#3669,#852);
#654=LINE('',#3671,#853);
#655=LINE('',#3673,#854);
#656=LINE('',#3675,#855);
#657=LINE('',#3677,#856);
#658=LINE('',#3679,#857);
#659=LINE('',#3681,#858);
#660=LINE('',#3683,#859);
#661=LINE('',#3686,#860);
#662=LINE('',#3688,#861);
#663=LINE('',#3690,#862);
#664=LINE('',#3692,#863);
#665=LINE('',#3694,#864);
#666=LINE('',#3696,#865);
#667=LINE('',#3699,#866);
#668=LINE('',#3701,#867);
#669=LINE('',#3703,#868);
#670=LINE('',#3705,#869);
#671=LINE('',#3707,#870);
#672=LINE('',#3709,#871);
#673=LINE('',#3711,#872);
#674=LINE('',#3718,#873);
#675=LINE('',#3720,#874);
#676=LINE('',#3722,#875);
#677=LINE('',#3723,#876);
#678=LINE('',#3726,#877);
#679=LINE('',#3730,#878);
#680=LINE('',#3734,#879);
#681=LINE('',#3737,#880);
#682=LINE('',#3739,#881);
#683=LINE('',#3741,#882);
#684=LINE('',#3745,#883);
#685=LINE('',#3749,#884);
#686=LINE('',#3753,#885);
#687=LINE('',#3757,#886);
#688=LINE('',#3761,#887);
#689=LINE('',#3765,#888);
#690=LINE('',#3769,#889);
#691=LINE('',#3773,#890);
#692=LINE('',#3777,#891);
#693=LINE('',#3783,#892);
#694=LINE('',#3786,#893);
#695=LINE('',#3789,#894);
#696=LINE('',#3793,#895);
#697=LINE('',#3797,#896);
#698=LINE('',#3801,#897);
#699=LINE('',#3805,#898);
#700=LINE('',#3809,#899);
#701=LINE('',#3813,#900);
#702=LINE('',#3817,#901);
#703=LINE('',#3821,#902);
#704=LINE('',#3823,#903);
#705=LINE('',#3824,#904);
#706=LINE('',#3827,#905);
#707=LINE('',#3829,#906);
#708=LINE('',#3833,#907);
#709=LINE('',#3850,#908);
#710=LINE('',#3853,#909);
#711=LINE('',#3854,#910);
#712=LINE('',#3858,#911);
#713=LINE('',#3861,#912);
#714=LINE('',#3862,#913);
#715=LINE('',#3868,#914);
#716=LINE('',#3869,#915);
#717=LINE('',#3873,#916);
#718=LINE('',#3877,#917);
#719=LINE('',#3881,#918);
#720=LINE('',#3882,#919);
#721=LINE('',#3884,#920);
#722=LINE('',#3886,#921);
#723=LINE('',#3889,#922);
#724=LINE('',#3890,#923);
#725=LINE('',#3892,#924);
#726=LINE('',#3894,#925);
#727=LINE('',#3897,#926);
#728=LINE('',#3898,#927);
#729=LINE('',#3900,#928);
#730=LINE('',#3902,#929);
#731=LINE('',#3905,#930);
#732=LINE('',#3906,#931);
#733=LINE('',#3908,#932);
#734=LINE('',#3910,#933);
#735=LINE('',#3914,#934);
#736=LINE('',#3920,#935);
#737=LINE('',#3921,#936);
#738=LINE('',#3924,#937);
#739=LINE('',#3925,#938);
#740=LINE('',#3931,#939);
#741=VECTOR('',#2579,10.);
#742=VECTOR('',#2580,10.);
#743=VECTOR('',#2581,10.);
#744=VECTOR('',#2582,10.);
#745=VECTOR('',#2585,10.);
#746=VECTOR('',#2588,10.);
#747=VECTOR('',#2593,10.);
#748=VECTOR('',#2596,10.);
#749=VECTOR('',#2599,10.);
#750=VECTOR('',#2600,10.);
#751=VECTOR('',#2603,10.);
#752=VECTOR('',#2606,10.);
#753=VECTOR('',#2609,10.);
#754=VECTOR('',#2612,10.);
#755=VECTOR('',#2615,10.);
#756=VECTOR('',#2618,10.);
#757=VECTOR('',#2621,10.);
#758=VECTOR('',#2624,10.);
#759=VECTOR('',#2627,10.);
#760=VECTOR('',#2634,10.);
#761=VECTOR('',#2637,10.);
#762=VECTOR('',#2638,10.);
#763=VECTOR('',#2641,10.);
#764=VECTOR('',#2644,10.);
#765=VECTOR('',#2647,10.);
#766=VECTOR('',#2650,10.);
#767=VECTOR('',#2653,10.);
#768=VECTOR('',#2656,10.);
#769=VECTOR('',#2659,10.);
#770=VECTOR('',#2664,10.);
#771=VECTOR('',#2665,10.);
#772=VECTOR('',#2666,10.);
#773=VECTOR('',#2669,10.);
#774=VECTOR('',#2670,10.);
#775=VECTOR('',#2677,10.);
#776=VECTOR('',#2692,10.);
#777=VECTOR('',#2697,10.);
#778=VECTOR('',#2698,10.);
#779=VECTOR('',#2705,10.);
#780=VECTOR('',#2708,10.);
#781=VECTOR('',#2709,10.);
#782=VECTOR('',#2716,10.);
#783=VECTOR('',#2717,10.);
#784=VECTOR('',#2722,10.);
#785=VECTOR('',#2727,10.);
#786=VECTOR('',#2734,10.);
#787=VECTOR('',#2735,10.);
#788=VECTOR('',#2738,10.);
#789=VECTOR('',#2741,10.);
#790=VECTOR('',#2746,10.);
#791=VECTOR('',#2747,10.);
#792=VECTOR('',#2750,10.);
#793=VECTOR('',#2753,10.);
#794=VECTOR('',#2758,10.);
#795=VECTOR('',#2759,10.);
#796=VECTOR('',#2762,10.);
#797=VECTOR('',#2765,10.);
#798=VECTOR('',#2770,10.);
#799=VECTOR('',#2771,10.);
#800=VECTOR('',#2774,10.);
#801=VECTOR('',#2777,10.);
#802=VECTOR('',#2782,4.);
#803=VECTOR('',#2787,10.);
#804=VECTOR('',#2788,10.);
#805=VECTOR('',#2789,10.);
#806=VECTOR('',#2794,10.);
#807=VECTOR('',#2799,10.);
#808=VECTOR('',#2812,10.);
#809=VECTOR('',#2813,10.);
#810=VECTOR('',#2814,10.);
#811=VECTOR('',#2815,10.);
#812=VECTOR('',#2818,10.);
#813=VECTOR('',#2821,10.);
#814=VECTOR('',#2826,10.);
#815=VECTOR('',#2829,10.);
#816=VECTOR('',#2832,10.);
#817=VECTOR('',#2833,10.);
#818=VECTOR('',#2836,10.);
#819=VECTOR('',#2839,10.);
#820=VECTOR('',#2842,10.);
#821=VECTOR('',#2853,10.);
#822=VECTOR('',#2856,10.);
#823=VECTOR('',#2859,10.);
#824=VECTOR('',#2862,10.);
#825=VECTOR('',#2869,10.);
#826=VECTOR('',#2870,10.);
#827=VECTOR('',#2871,10.);
#828=VECTOR('',#2874,10.);
#829=VECTOR('',#2875,10.);
#830=VECTOR('',#2876,10.);
#831=VECTOR('',#2889,10.);
#832=VECTOR('',#2894,10.);
#833=VECTOR('',#2895,10.);
#834=VECTOR('',#2896,10.);
#835=VECTOR('',#2897,10.);
#836=VECTOR('',#2900,10.);
#837=VECTOR('',#2907,10.);
#838=VECTOR('',#2912,10.);
#839=VECTOR('',#2913,10.);
#840=VECTOR('',#2916,10.);
#841=VECTOR('',#2919,10.);
#842=VECTOR('',#2922,10.);
#843=VECTOR('',#2933,10.);
#844=VECTOR('',#2936,10.);
#845=VECTOR('',#2939,10.);
#846=VECTOR('',#2942,10.);
#847=VECTOR('',#2949,10.);
#848=VECTOR('',#2952,10.);
#849=VECTOR('',#2953,10.);
#850=VECTOR('',#2966,10.);
#851=VECTOR('',#2971,48.5);
#852=VECTOR('',#2974,4.);
#853=VECTOR('',#2977,3.99999999999999);
#854=VECTOR('',#2980,3.99999999999999);
#855=VECTOR('',#2983,3.99999999999999);
#856=VECTOR('',#2986,4.50000000000003);
#857=VECTOR('',#2989,4.50000000000003);
#858=VECTOR('',#2992,4.49999999999999);
#859=VECTOR('',#2995,4.49999999999999);
#860=VECTOR('',#3000,10.);
#861=VECTOR('',#3003,10.);
#862=VECTOR('',#3006,10.);
#863=VECTOR('',#3009,10.);
#864=VECTOR('',#3012,10.);
#865=VECTOR('',#3015,10.);
#866=VECTOR('',#3020,10.);
#867=VECTOR('',#3023,10.);
#868=VECTOR('',#3026,10.);
#869=VECTOR('',#3029,10.);
#870=VECTOR('',#3032,10.);
#871=VECTOR('',#3035,10.);
#872=VECTOR('',#3038,10.);
#873=VECTOR('',#3047,10.);
#874=VECTOR('',#3048,10.);
#875=VECTOR('',#3049,10.);
#876=VECTOR('',#3050,10.);
#877=VECTOR('',#3053,10.);
#878=VECTOR('',#3056,10.);
#879=VECTOR('',#3061,10.);
#880=VECTOR('',#3064,10.);
#881=VECTOR('',#3067,10.);
#882=VECTOR('',#3068,10.);
#883=VECTOR('',#3071,10.);
#884=VECTOR('',#3074,10.);
#885=VECTOR('',#3077,10.);
#886=VECTOR('',#3080,10.);
#887=VECTOR('',#3083,10.);
#888=VECTOR('',#3086,10.);
#889=VECTOR('',#3089,10.);
#890=VECTOR('',#3092,10.);
#891=VECTOR('',#3095,10.);
#892=VECTOR('',#3102,10.);
#893=VECTOR('',#3105,10.);
#894=VECTOR('',#3106,10.);
#895=VECTOR('',#3109,10.);
#896=VECTOR('',#3112,10.);
#897=VECTOR('',#3115,10.);
#898=VECTOR('',#3118,10.);
#899=VECTOR('',#3121,10.);
#900=VECTOR('',#3124,10.);
#901=VECTOR('',#3127,10.);
#902=VECTOR('',#3132,10.);
#903=VECTOR('',#3133,10.);
#904=VECTOR('',#3134,10.);
#905=VECTOR('',#3137,10.);
#906=VECTOR('',#3138,10.);
#907=VECTOR('',#3141,10.);
#908=VECTOR('',#3160,10.);
#909=VECTOR('',#3165,10.);
#910=VECTOR('',#3166,10.);
#911=VECTOR('',#3173,10.);
#912=VECTOR('',#3176,10.);
#913=VECTOR('',#3177,10.);
#914=VECTOR('',#3184,10.);
#915=VECTOR('',#3185,10.);
#916=VECTOR('',#3190,10.);
#917=VECTOR('',#3195,10.);
#918=VECTOR('',#3202,10.);
#919=VECTOR('',#3203,10.);
#920=VECTOR('',#3206,10.);
#921=VECTOR('',#3209,10.);
#922=VECTOR('',#3214,10.);
#923=VECTOR('',#3215,10.);
#924=VECTOR('',#3218,10.);
#925=VECTOR('',#3221,10.);
#926=VECTOR('',#3226,10.);
#927=VECTOR('',#3227,10.);
#928=VECTOR('',#3230,10.);
#929=VECTOR('',#3233,10.);
#930=VECTOR('',#3238,10.);
#931=VECTOR('',#3239,10.);
#932=VECTOR('',#3242,10.);
#933=VECTOR('',#3245,10.);
#934=VECTOR('',#3250,3.99999999999999);
#935=VECTOR('',#3257,10.);
#936=VECTOR('',#3258,10.);
#937=VECTOR('',#3261,10.);
#938=VECTOR('',#3262,10.);
#939=VECTOR('',#3271,10.);
#940=VERTEX_POINT('',#3280);
#941=VERTEX_POINT('',#3281);
#942=VERTEX_POINT('',#3283);
#943=VERTEX_POINT('',#3285);
#944=VERTEX_POINT('',#3289);
#945=VERTEX_POINT('',#3291);
#946=VERTEX_POINT('',#3293);
#947=VERTEX_POINT('',#3297);
#948=VERTEX_POINT('',#3299);
#949=VERTEX_POINT('',#3304);
#950=VERTEX_POINT('',#3306);
#951=VERTEX_POINT('',#3308);
#952=VERTEX_POINT('',#3311);
#953=VERTEX_POINT('',#3312);
#954=VERTEX_POINT('',#3314);
#955=VERTEX_POINT('',#3316);
#956=VERTEX_POINT('',#3319);
#957=VERTEX_POINT('',#3320);
#958=VERTEX_POINT('',#3322);
#959=VERTEX_POINT('',#3324);
#960=VERTEX_POINT('',#3327);
#961=VERTEX_POINT('',#3328);
#962=VERTEX_POINT('',#3330);
#963=VERTEX_POINT('',#3332);
#964=VERTEX_POINT('',#3335);
#965=VERTEX_POINT('',#3336);
#966=VERTEX_POINT('',#3338);
#967=VERTEX_POINT('',#3340);
#968=VERTEX_POINT('',#3344);
#969=VERTEX_POINT('',#3346);
#970=VERTEX_POINT('',#3348);
#971=VERTEX_POINT('',#3351);
#972=VERTEX_POINT('',#3352);
#973=VERTEX_POINT('',#3354);
#974=VERTEX_POINT('',#3356);
#975=VERTEX_POINT('',#3359);
#976=VERTEX_POINT('',#3360);
#977=VERTEX_POINT('',#3362);
#978=VERTEX_POINT('',#3364);
#979=VERTEX_POINT('',#3367);
#980=VERTEX_POINT('',#3368);
#981=VERTEX_POINT('',#3370);
#982=VERTEX_POINT('',#3372);
#983=VERTEX_POINT('',#3375);
#984=VERTEX_POINT('',#3376);
#985=VERTEX_POINT('',#3378);
#986=VERTEX_POINT('',#3380);
#987=VERTEX_POINT('',#3384);
#988=VERTEX_POINT('',#3386);
#989=VERTEX_POINT('',#3390);
#990=VERTEX_POINT('',#3392);
#991=VERTEX_POINT('',#3394);
#992=VERTEX_POINT('',#3396);
#993=VERTEX_POINT('',#3398);
#994=VERTEX_POINT('',#3400);
#995=VERTEX_POINT('',#3403);
#996=VERTEX_POINT('',#3404);
#997=VERTEX_POINT('',#3406);
#998=VERTEX_POINT('',#3408);
#999=VERTEX_POINT('',#3411);
#1000=VERTEX_POINT('',#3424);
#1001=VERTEX_POINT('',#3429);
#1002=VERTEX_POINT('',#3430);
#1003=VERTEX_POINT('',#3435);
#1004=VERTEX_POINT('',#3439);
#1005=VERTEX_POINT('',#3477);
#1006=VERTEX_POINT('',#3481);
#1007=VERTEX_POINT('',#3482);
#1008=VERTEX_POINT('',#3487);
#1009=VERTEX_POINT('',#3491);
#1010=VERTEX_POINT('',#3500);
#1011=VERTEX_POINT('',#3501);
#1012=VERTEX_POINT('',#3503);
#1013=VERTEX_POINT('',#3505);
#1014=VERTEX_POINT('',#3509);
#1015=VERTEX_POINT('',#3511);
#1016=VERTEX_POINT('',#3513);
#1017=VERTEX_POINT('',#3517);
#1018=VERTEX_POINT('',#3519);
#1019=VERTEX_POINT('',#3524);
#1020=VERTEX_POINT('',#3526);
#1021=VERTEX_POINT('',#3528);
#1022=VERTEX_POINT('',#3530);
#1023=VERTEX_POINT('',#3532);
#1024=VERTEX_POINT('',#3534);
#1025=VERTEX_POINT('',#3536);
#1026=VERTEX_POINT('',#3539);
#1027=VERTEX_POINT('',#3541);
#1028=VERTEX_POINT('',#3544);
#1029=VERTEX_POINT('',#3546);
#1030=VERTEX_POINT('',#3548);
#1031=VERTEX_POINT('',#3550);
#1032=VERTEX_POINT('',#3552);
#1033=VERTEX_POINT('',#3554);
#1034=VERTEX_POINT('',#3556);
#1035=VERTEX_POINT('',#3559);
#1036=VERTEX_POINT('',#3561);
#1037=VERTEX_POINT('',#3564);
#1038=VERTEX_POINT('',#3566);
#1039=VERTEX_POINT('',#3570);
#1040=VERTEX_POINT('',#3572);
#1041=VERTEX_POINT('',#3575);
#1042=VERTEX_POINT('',#3577);
#1043=VERTEX_POINT('',#3579);
#1044=VERTEX_POINT('',#3581);
#1045=VERTEX_POINT('',#3583);
#1046=VERTEX_POINT('',#3589);
#1047=VERTEX_POINT('',#3590);
#1048=VERTEX_POINT('',#3592);
#1049=VERTEX_POINT('',#3594);
#1050=VERTEX_POINT('',#3598);
#1051=VERTEX_POINT('',#3603);
#1052=VERTEX_POINT('',#3608);
#1053=VERTEX_POINT('',#3610);
#1054=VERTEX_POINT('',#3612);
#1055=VERTEX_POINT('',#3614);
#1056=VERTEX_POINT('',#3616);
#1057=VERTEX_POINT('',#3618);
#1058=VERTEX_POINT('',#3620);
#1059=VERTEX_POINT('',#3623);
#1060=VERTEX_POINT('',#3625);
#1061=VERTEX_POINT('',#3628);
#1062=VERTEX_POINT('',#3630);
#1063=VERTEX_POINT('',#3632);
#1064=VERTEX_POINT('',#3634);
#1065=VERTEX_POINT('',#3636);
#1066=VERTEX_POINT('',#3638);
#1067=VERTEX_POINT('',#3640);
#1068=VERTEX_POINT('',#3643);
#1069=VERTEX_POINT('',#3645);
#1070=VERTEX_POINT('',#3650);
#1071=VERTEX_POINT('',#3653);
#1072=VERTEX_POINT('',#3655);
#1073=VERTEX_POINT('',#3657);
#1074=VERTEX_POINT('',#3659);
#1075=VERTEX_POINT('',#3661);
#1076=VERTEX_POINT('',#3716);
#1077=VERTEX_POINT('',#3717);
#1078=VERTEX_POINT('',#3719);
#1079=VERTEX_POINT('',#3721);
#1080=VERTEX_POINT('',#3725);
#1081=VERTEX_POINT('',#3727);
#1082=VERTEX_POINT('',#3729);
#1083=VERTEX_POINT('',#3733);
#1084=VERTEX_POINT('',#3735);
#1085=VERTEX_POINT('',#3740);
#1086=VERTEX_POINT('',#3742);
#1087=VERTEX_POINT('',#3744);
#1088=VERTEX_POINT('',#3747);
#1089=VERTEX_POINT('',#3748);
#1090=VERTEX_POINT('',#3750);
#1091=VERTEX_POINT('',#3752);
#1092=VERTEX_POINT('',#3755);
#1093=VERTEX_POINT('',#3756);
#1094=VERTEX_POINT('',#3758);
#1095=VERTEX_POINT('',#3760);
#1096=VERTEX_POINT('',#3763);
#1097=VERTEX_POINT('',#3764);
#1098=VERTEX_POINT('',#3766);
#1099=VERTEX_POINT('',#3768);
#1100=VERTEX_POINT('',#3771);
#1101=VERTEX_POINT('',#3772);
#1102=VERTEX_POINT('',#3774);
#1103=VERTEX_POINT('',#3776);
#1104=VERTEX_POINT('',#3780);
#1105=VERTEX_POINT('',#3782);
#1106=VERTEX_POINT('',#3784);
#1107=VERTEX_POINT('',#3787);
#1108=VERTEX_POINT('',#3788);
#1109=VERTEX_POINT('',#3790);
#1110=VERTEX_POINT('',#3792);
#1111=VERTEX_POINT('',#3795);
#1112=VERTEX_POINT('',#3796);
#1113=VERTEX_POINT('',#3798);
#1114=VERTEX_POINT('',#3800);
#1115=VERTEX_POINT('',#3803);
#1116=VERTEX_POINT('',#3804);
#1117=VERTEX_POINT('',#3806);
#1118=VERTEX_POINT('',#3808);
#1119=VERTEX_POINT('',#3811);
#1120=VERTEX_POINT('',#3812);
#1121=VERTEX_POINT('',#3814);
#1122=VERTEX_POINT('',#3816);
#1123=VERTEX_POINT('',#3820);
#1124=VERTEX_POINT('',#3822);
#1125=VERTEX_POINT('',#3826);
#1126=VERTEX_POINT('',#3828);
#1127=VERTEX_POINT('',#3830);
#1128=VERTEX_POINT('',#3832);
#1129=VERTEX_POINT('',#3834);
#1130=VERTEX_POINT('',#3836);
#1131=VERTEX_POINT('',#3839);
#1132=VERTEX_POINT('',#3840);
#1133=VERTEX_POINT('',#3842);
#1134=VERTEX_POINT('',#3844);
#1135=VERTEX_POINT('',#3847);
#1136=VERTEX_POINT('',#3860);
#1137=VERTEX_POINT('',#3865);
#1138=VERTEX_POINT('',#3866);
#1139=VERTEX_POINT('',#3871);
#1140=VERTEX_POINT('',#3875);
#1141=VERTEX_POINT('',#3913);
#1142=VERTEX_POINT('',#3917);
#1143=VERTEX_POINT('',#3918);
#1144=VERTEX_POINT('',#3923);
#1145=VERTEX_POINT('',#3929);
#1146=EDGE_CURVE('',#940,#941,#542,.T.);
#1147=EDGE_CURVE('',#942,#941,#543,.T.);
#1148=EDGE_CURVE('',#943,#942,#544,.T.);
#1149=EDGE_CURVE('',#943,#940,#545,.T.);
#1150=EDGE_CURVE('',#944,#940,#546,.T.);
#1151=EDGE_CURVE('',#945,#944,#61,.T.);
#1152=EDGE_CURVE('',#945,#946,#547,.T.);
#1153=EDGE_CURVE('',#940,#946,#62,.T.);
#1154=EDGE_CURVE('',#947,#944,#548,.T.);
#1155=EDGE_CURVE('',#948,#947,#63,.T.);
#1156=EDGE_CURVE('',#948,#945,#549,.T.);
#1157=EDGE_CURVE('',#941,#947,#550,.T.);
#1158=EDGE_CURVE('',#947,#949,#551,.T.);
#1159=EDGE_CURVE('',#950,#949,#64,.T.);
#1160=EDGE_CURVE('',#950,#951,#552,.F.);
#1161=EDGE_CURVE('',#942,#951,#65,.T.);
#1162=EDGE_CURVE('',#952,#953,#553,.T.);
#1163=EDGE_CURVE('',#953,#954,#66,.T.);
#1164=EDGE_CURVE('',#954,#955,#554,.T.);
#1165=EDGE_CURVE('',#955,#952,#67,.T.);
#1166=EDGE_CURVE('',#956,#957,#555,.T.);
#1167=EDGE_CURVE('',#957,#958,#68,.T.);
#1168=EDGE_CURVE('',#958,#959,#556,.T.);
#1169=EDGE_CURVE('',#959,#956,#69,.T.);
#1170=EDGE_CURVE('',#960,#961,#557,.T.);
#1171=EDGE_CURVE('',#961,#962,#70,.T.);
#1172=EDGE_CURVE('',#962,#963,#558,.T.);
#1173=EDGE_CURVE('',#963,#960,#71,.T.);
#1174=EDGE_CURVE('',#964,#965,#559,.T.);
#1175=EDGE_CURVE('',#965,#966,#72,.T.);
#1176=EDGE_CURVE('',#966,#967,#560,.T.);
#1177=EDGE_CURVE('',#967,#964,#73,.T.);
#1178=EDGE_CURVE('',#968,#943,#74,.T.);
#1179=EDGE_CURVE('',#969,#968,#561,.F.);
#1180=EDGE_CURVE('',#970,#969,#75,.T.);
#1181=EDGE_CURVE('',#944,#970,#562,.T.);
#1182=EDGE_CURVE('',#971,#972,#563,.T.);
#1183=EDGE_CURVE('',#971,#973,#76,.T.);
#1184=EDGE_CURVE('',#974,#973,#564,.T.);
#1185=EDGE_CURVE('',#974,#972,#77,.T.);
#1186=EDGE_CURVE('',#975,#976,#565,.T.);
#1187=EDGE_CURVE('',#975,#977,#78,.T.);
#1188=EDGE_CURVE('',#978,#977,#566,.T.);
#1189=EDGE_CURVE('',#978,#976,#79,.T.);
#1190=EDGE_CURVE('',#979,#980,#567,.T.);
#1191=EDGE_CURVE('',#979,#981,#80,.T.);
#1192=EDGE_CURVE('',#982,#981,#568,.T.);
#1193=EDGE_CURVE('',#982,#980,#81,.T.);
#1194=EDGE_CURVE('',#983,#984,#569,.T.);
#1195=EDGE_CURVE('',#983,#985,#82,.T.);
#1196=EDGE_CURVE('',#986,#985,#570,.T.);
#1197=EDGE_CURVE('',#986,#984,#83,.T.);
#1198=EDGE_CURVE('',#987,#948,#571,.T.);
#1199=EDGE_CURVE('',#988,#987,#572,.T.);
#1200=EDGE_CURVE('',#988,#945,#573,.T.);
#1201=EDGE_CURVE('',#989,#948,#574,.T.);
#1202=EDGE_CURVE('',#989,#990,#575,.T.);
#1203=EDGE_CURVE('',#990,#991,#84,.T.);
#1204=EDGE_CURVE('',#991,#992,#85,.T.);
#1205=EDGE_CURVE('',#992,#993,#86,.T.);
#1206=EDGE_CURVE('',#993,#994,#576,.T.);
#1207=EDGE_CURVE('',#994,#987,#87,.T.);
#1208=EDGE_CURVE('',#995,#996,#88,.T.);
#1209=EDGE_CURVE('',#996,#997,#89,.T.);
#1210=EDGE_CURVE('',#997,#998,#90,.T.);
#1211=EDGE_CURVE('',#998,#995,#91,.T.);
#1212=EDGE_CURVE('',#999,#999,#92,.T.);
#1213=EDGE_CURVE('',#946,#989,#577,.T.);
#1214=EDGE_CURVE('',#941,#989,#93,.T.);
#1215=EDGE_CURVE('',#969,#950,#578,.T.);
#1216=EDGE_CURVE('',#949,#970,#579,.T.);
#1217=EDGE_CURVE('',#951,#968,#580,.T.);
#1218=EDGE_CURVE('',#946,#1000,#581,.T.);
#1219=EDGE_CURVE('',#1000,#990,#582,.T.);
#1220=EDGE_CURVE('',#1001,#1002,#94,.T.);
#1221=EDGE_CURVE('',#1001,#995,#583,.T.);
#1222=EDGE_CURVE('',#1002,#998,#584,.T.);
#1223=EDGE_CURVE('',#1002,#1003,#95,.T.);
#1224=EDGE_CURVE('',#1003,#997,#585,.T.);
#1225=EDGE_CURVE('',#1003,#1004,#96,.T.);
#1226=EDGE_CURVE('',#1004,#996,#586,.T.);
#1227=EDGE_CURVE('',#1001,#1004,#97,.T.);
#1228=EDGE_CURVE('',#971,#952,#587,.T.);
#1229=EDGE_CURVE('',#973,#955,#588,.T.);
#1230=EDGE_CURVE('',#974,#954,#589,.T.);
#1231=EDGE_CURVE('',#972,#953,#590,.T.);
#1232=EDGE_CURVE('',#975,#956,#591,.T.);
#1233=EDGE_CURVE('',#977,#959,#592,.T.);
#1234=EDGE_CURVE('',#978,#958,#593,.T.);
#1235=EDGE_CURVE('',#976,#957,#594,.T.);
#1236=EDGE_CURVE('',#979,#960,#595,.T.);
#1237=EDGE_CURVE('',#981,#963,#596,.T.);
#1238=EDGE_CURVE('',#982,#962,#597,.T.);
#1239=EDGE_CURVE('',#980,#961,#598,.T.);
#1240=EDGE_CURVE('',#983,#964,#599,.T.);
#1241=EDGE_CURVE('',#985,#967,#600,.T.);
#1242=EDGE_CURVE('',#986,#966,#601,.T.);
#1243=EDGE_CURVE('',#984,#965,#602,.T.);
#1244=EDGE_CURVE('',#999,#1005,#603,.T.);
#1245=EDGE_CURVE('',#1005,#1005,#98,.T.);
#1246=EDGE_CURVE('',#1006,#1007,#604,.T.);
#1247=EDGE_CURVE('',#1006,#994,#605,.T.);
#1248=EDGE_CURVE('',#1007,#993,#606,.T.);
#1249=EDGE_CURVE('',#1007,#1008,#99,.T.);
#1250=EDGE_CURVE('',#1008,#992,#607,.T.);
#1251=EDGE_CURVE('',#1009,#1008,#100,.T.);
#1252=EDGE_CURVE('',#1009,#991,#608,.T.);
#1253=EDGE_CURVE('',#1000,#1009,#101,.T.);
#1254=EDGE_CURVE('',#1006,#988,#102,.T.);
#1255=EDGE_CURVE('',#1010,#1011,#609,.T.);
#1256=EDGE_CURVE('',#1012,#1011,#610,.T.);
#1257=EDGE_CURVE('',#1013,#1012,#611,.T.);
#1258=EDGE_CURVE('',#1010,#1013,#612,.T.);
#1259=EDGE_CURVE('',#1014,#1010,#613,.T.);
#1260=EDGE_CURVE('',#1014,#1015,#103,.T.);
#1261=EDGE_CURVE('',#1015,#1016,#614,.T.);
#1262=EDGE_CURVE('',#1016,#1010,#104,.T.);
#1263=EDGE_CURVE('',#1017,#1014,#615,.T.);
#1264=EDGE_CURVE('',#1018,#1017,#105,.T.);
#1265=EDGE_CURVE('',#1018,#1015,#616,.T.);
#1266=EDGE_CURVE('',#1011,#1017,#617,.T.);
#1267=EDGE_CURVE('',#1017,#1019,#618,.T.);
#1268=EDGE_CURVE('',#1019,#1020,#106,.T.);
#1269=EDGE_CURVE('',#1020,#1021,#619,.T.);
#1270=EDGE_CURVE('',#1021,#1022,#107,.T.);
#1271=EDGE_CURVE('',#1022,#1023,#620,.T.);
#1272=EDGE_CURVE('',#1023,#1024,#108,.T.);
#1273=EDGE_CURVE('',#1024,#1025,#621,.T.);
#1274=EDGE_CURVE('',#1025,#1012,#109,.T.);
#1275=EDGE_CURVE('',#1026,#1026,#110,.T.);
#1276=EDGE_CURVE('',#1027,#1027,#111,.T.);
#1277=EDGE_CURVE('',#1028,#1013,#112,.T.);
#1278=EDGE_CURVE('',#1028,#1029,#622,.T.);
#1279=EDGE_CURVE('',#1029,#1030,#113,.T.);
#1280=EDGE_CURVE('',#1031,#1030,#623,.T.);
#1281=EDGE_CURVE('',#1032,#1031,#114,.T.);
#1282=EDGE_CURVE('',#1033,#1032,#624,.T.);
#1283=EDGE_CURVE('',#1034,#1033,#115,.T.);
#1284=EDGE_CURVE('',#1034,#1014,#625,.T.);
#1285=EDGE_CURVE('',#1035,#1035,#116,.T.);
#1286=EDGE_CURVE('',#1036,#1036,#117,.T.);
#1287=EDGE_CURVE('',#1037,#1018,#626,.T.);
#1288=EDGE_CURVE('',#1038,#1037,#627,.T.);
#1289=EDGE_CURVE('',#1015,#1038,#628,.T.);
#1290=EDGE_CURVE('',#1039,#1018,#629,.T.);
#1291=EDGE_CURVE('',#1039,#1040,#630,.T.);
#1292=EDGE_CURVE('',#1037,#1040,#631,.T.);
#1293=EDGE_CURVE('',#1041,#1041,#118,.T.);
#1294=EDGE_CURVE('',#1042,#1042,#119,.T.);
#1295=EDGE_CURVE('',#1043,#1043,#120,.T.);
#1296=EDGE_CURVE('',#1044,#1044,#121,.T.);
#1297=EDGE_CURVE('',#1045,#1045,#122,.T.);
#1298=EDGE_CURVE('',#1016,#1039,#632,.T.);
#1299=EDGE_CURVE('',#1011,#1039,#123,.T.);
#1300=EDGE_CURVE('',#1046,#1047,#633,.T.);
#1301=EDGE_CURVE('',#1048,#1047,#634,.T.);
#1302=EDGE_CURVE('',#1048,#1049,#635,.T.);
#1303=EDGE_CURVE('',#1046,#1049,#636,.T.);
#1304=EDGE_CURVE('',#1050,#1046,#637,.T.);
#1305=EDGE_CURVE('',#1050,#1037,#124,.T.);
#1306=EDGE_CURVE('',#1040,#1046,#125,.T.);
#1307=EDGE_CURVE('',#1051,#1050,#638,.T.);
#1308=EDGE_CURVE('',#1038,#1051,#126,.T.);
#1309=EDGE_CURVE('',#1047,#1051,#639,.T.);
#1310=EDGE_CURVE('',#1051,#1052,#640,.T.);
#1311=EDGE_CURVE('',#1053,#1052,#127,.T.);
#1312=EDGE_CURVE('',#1053,#1054,#641,.T.);
#1313=EDGE_CURVE('',#1055,#1054,#128,.T.);
#1314=EDGE_CURVE('',#1055,#1056,#642,.T.);
#1315=EDGE_CURVE('',#1056,#1057,#129,.T.);
#1316=EDGE_CURVE('',#1058,#1057,#643,.T.);
#1317=EDGE_CURVE('',#1048,#1058,#130,.T.);
#1318=EDGE_CURVE('',#1059,#1059,#131,.T.);
#1319=EDGE_CURVE('',#1060,#1060,#132,.T.);
#1320=EDGE_CURVE('',#1049,#1061,#133,.T.);
#1321=EDGE_CURVE('',#1061,#1062,#644,.T.);
#1322=EDGE_CURVE('',#1062,#1063,#134,.T.);
#1323=EDGE_CURVE('',#1063,#1064,#645,.T.);
#1324=EDGE_CURVE('',#1064,#1065,#135,.T.);
#1325=EDGE_CURVE('',#1065,#1066,#646,.T.);
#1326=EDGE_CURVE('',#1066,#1067,#136,.T.);
#1327=EDGE_CURVE('',#1067,#1050,#647,.T.);
#1328=EDGE_CURVE('',#1068,#1068,#137,.T.);
#1329=EDGE_CURVE('',#1069,#1069,#138,.T.);
#1330=EDGE_CURVE('',#1034,#1019,#648,.T.);
#1331=EDGE_CURVE('',#1070,#1038,#649,.T.);
#1332=EDGE_CURVE('',#1070,#1016,#650,.T.);
#1333=EDGE_CURVE('',#1071,#1071,#139,.T.);
#1334=EDGE_CURVE('',#1072,#1072,#140,.T.);
#1335=EDGE_CURVE('',#1073,#1073,#141,.T.);
#1336=EDGE_CURVE('',#1074,#1074,#142,.T.);
#1337=EDGE_CURVE('',#1075,#1075,#143,.T.);
#1338=EDGE_CURVE('',#1040,#1070,#651,.T.);
#1339=EDGE_CURVE('',#1047,#1070,#144,.T.);
#1340=EDGE_CURVE('',#1041,#1071,#652,.T.);
#1341=EDGE_CURVE('',#1068,#1059,#653,.T.);
#1342=EDGE_CURVE('',#1069,#1060,#654,.T.);
#1343=EDGE_CURVE('',#1026,#1036,#655,.T.);
#1344=EDGE_CURVE('',#1027,#1035,#656,.T.);
#1345=EDGE_CURVE('',#1042,#1072,#657,.T.);
#1346=EDGE_CURVE('',#1043,#1073,#658,.T.);
#1347=EDGE_CURVE('',#1044,#1074,#659,.T.);
#1348=EDGE_CURVE('',#1045,#1075,#660,.T.);
#1349=EDGE_CURVE('',#1028,#1025,#661,.T.);
#1350=EDGE_CURVE('',#1029,#1024,#662,.T.);
#1351=EDGE_CURVE('',#1030,#1023,#663,.T.);
#1352=EDGE_CURVE('',#1031,#1022,#664,.T.);
#1353=EDGE_CURVE('',#1032,#1021,#665,.T.);
#1354=EDGE_CURVE('',#1033,#1020,#666,.T.);
#1355=EDGE_CURVE('',#1052,#1067,#667,.T.);
#1356=EDGE_CURVE('',#1053,#1066,#668,.T.);
#1357=EDGE_CURVE('',#1054,#1065,#669,.T.);
#1358=EDGE_CURVE('',#1055,#1064,#670,.T.);
#1359=EDGE_CURVE('',#1056,#1063,#671,.T.);
#1360=EDGE_CURVE('',#1057,#1062,#672,.T.);
#1361=EDGE_CURVE('',#1058,#1061,#673,.T.);
#1362=EDGE_CURVE('',#1076,#1077,#674,.T.);
#1363=EDGE_CURVE('',#1078,#1077,#675,.T.);
#1364=EDGE_CURVE('',#1079,#1078,#676,.T.);
#1365=EDGE_CURVE('',#1076,#1079,#677,.T.);
#1366=EDGE_CURVE('',#1080,#1076,#678,.T.);
#1367=EDGE_CURVE('',#1080,#1081,#145,.T.);
#1368=EDGE_CURVE('',#1081,#1082,#679,.T.);
#1369=EDGE_CURVE('',#1082,#1076,#146,.T.);
#1370=EDGE_CURVE('',#1083,#1080,#680,.T.);
#1371=EDGE_CURVE('',#1084,#1083,#147,.T.);
#1372=EDGE_CURVE('',#1084,#1081,#681,.T.);
#1373=EDGE_CURVE('',#1077,#1083,#682,.T.);
#1374=EDGE_CURVE('',#1083,#1085,#683,.T.);
#1375=EDGE_CURVE('',#1086,#1085,#148,.T.);
#1376=EDGE_CURVE('',#1086,#1087,#684,.F.);
#1377=EDGE_CURVE('',#1078,#1087,#149,.T.);
#1378=EDGE_CURVE('',#1088,#1089,#685,.T.);
#1379=EDGE_CURVE('',#1089,#1090,#150,.T.);
#1380=EDGE_CURVE('',#1090,#1091,#686,.T.);
#1381=EDGE_CURVE('',#1091,#1088,#151,.T.);
#1382=EDGE_CURVE('',#1092,#1093,#687,.T.);
#1383=EDGE_CURVE('',#1093,#1094,#152,.T.);
#1384=EDGE_CURVE('',#1094,#1095,#688,.T.);
#1385=EDGE_CURVE('',#1095,#1092,#153,.T.);
#1386=EDGE_CURVE('',#1096,#1097,#689,.T.);
#1387=EDGE_CURVE('',#1097,#1098,#154,.T.);
#1388=EDGE_CURVE('',#1098,#1099,#690,.T.);
#1389=EDGE_CURVE('',#1099,#1096,#155,.T.);
#1390=EDGE_CURVE('',#1100,#1101,#691,.T.);
#1391=EDGE_CURVE('',#1101,#1102,#156,.T.);
#1392=EDGE_CURVE('',#1102,#1103,#692,.T.);
#1393=EDGE_CURVE('',#1103,#1100,#157,.T.);
#1394=EDGE_CURVE('',#1104,#1079,#158,.T.);
#1395=EDGE_CURVE('',#1104,#1105,#693,.T.);
#1396=EDGE_CURVE('',#1106,#1105,#159,.T.);
#1397=EDGE_CURVE('',#1106,#1080,#694,.T.);
#1398=EDGE_CURVE('',#1107,#1108,#695,.T.);
#1399=EDGE_CURVE('',#1108,#1109,#160,.T.);
#1400=EDGE_CURVE('',#1109,#1110,#696,.T.);
#1401=EDGE_CURVE('',#1110,#1107,#161,.T.);
#1402=EDGE_CURVE('',#1111,#1112,#697,.T.);
#1403=EDGE_CURVE('',#1112,#1113,#162,.T.);
#1404=EDGE_CURVE('',#1113,#1114,#698,.T.);
#1405=EDGE_CURVE('',#1114,#1111,#163,.T.);
#1406=EDGE_CURVE('',#1115,#1116,#699,.T.);
#1407=EDGE_CURVE('',#1116,#1117,#164,.T.);
#1408=EDGE_CURVE('',#1117,#1118,#700,.T.);
#1409=EDGE_CURVE('',#1118,#1115,#165,.T.);
#1410=EDGE_CURVE('',#1119,#1120,#701,.T.);
#1411=EDGE_CURVE('',#1120,#1121,#166,.T.);
#1412=EDGE_CURVE('',#1121,#1122,#702,.T.);
#1413=EDGE_CURVE('',#1122,#1119,#167,.T.);
#1414=EDGE_CURVE('',#1123,#1084,#703,.T.);
#1415=EDGE_CURVE('',#1124,#1123,#704,.T.);
#1416=EDGE_CURVE('',#1081,#1124,#705,.T.);
#1417=EDGE_CURVE('',#1125,#1084,#706,.T.);
#1418=EDGE_CURVE('',#1125,#1126,#707,.T.);
#1419=EDGE_CURVE('',#1126,#1127,#168,.T.);
#1420=EDGE_CURVE('',#1127,#1128,#708,.T.);
#1421=EDGE_CURVE('',#1128,#1129,#169,.T.);
#1422=EDGE_CURVE('',#1129,#1130,#170,.T.);
#1423=EDGE_CURVE('',#1130,#1123,#171,.T.);
#1424=EDGE_CURVE('',#1131,#1132,#172,.T.);
#1425=EDGE_CURVE('',#1132,#1133,#173,.T.);
#1426=EDGE_CURVE('',#1133,#1134,#174,.T.);
#1427=EDGE_CURVE('',#1134,#1131,#175,.T.);
#1428=EDGE_CURVE('',#1135,#1135,#176,.T.);
#1429=EDGE_CURVE('',#1082,#1125,#709,.T.);
#1430=EDGE_CURVE('',#1077,#1125,#177,.T.);
#1431=EDGE_CURVE('',#1105,#1086,#710,.T.);
#1432=EDGE_CURVE('',#1085,#1106,#711,.T.);
#1433=EDGE_CURVE('',#1087,#1104,#712,.T.);
#1434=EDGE_CURVE('',#1136,#1082,#713,.T.);
#1435=EDGE_CURVE('',#1136,#1126,#714,.T.);
#1436=EDGE_CURVE('',#1137,#1138,#178,.T.);
#1437=EDGE_CURVE('',#1137,#1131,#715,.T.);
#1438=EDGE_CURVE('',#1138,#1134,#716,.T.);
#1439=EDGE_CURVE('',#1138,#1139,#179,.T.);
#1440=EDGE_CURVE('',#1139,#1133,#717,.T.);
#1441=EDGE_CURVE('',#1140,#1139,#180,.T.);
#1442=EDGE_CURVE('',#1140,#1132,#718,.T.);
#1443=EDGE_CURVE('',#1140,#1137,#181,.T.);
#1444=EDGE_CURVE('',#1108,#1088,#719,.T.);
#1445=EDGE_CURVE('',#1109,#1091,#720,.T.);
#1446=EDGE_CURVE('',#1110,#1090,#721,.T.);
#1447=EDGE_CURVE('',#1107,#1089,#722,.T.);
#1448=EDGE_CURVE('',#1112,#1092,#723,.T.);
#1449=EDGE_CURVE('',#1113,#1095,#724,.T.);
#1450=EDGE_CURVE('',#1114,#1094,#725,.T.);
#1451=EDGE_CURVE('',#1111,#1093,#726,.T.);
#1452=EDGE_CURVE('',#1116,#1096,#727,.T.);
#1453=EDGE_CURVE('',#1117,#1099,#728,.T.);
#1454=EDGE_CURVE('',#1118,#1098,#729,.T.);
#1455=EDGE_CURVE('',#1115,#1097,#730,.T.);
#1456=EDGE_CURVE('',#1120,#1100,#731,.T.);
#1457=EDGE_CURVE('',#1121,#1103,#732,.T.);
#1458=EDGE_CURVE('',#1122,#1102,#733,.T.);
#1459=EDGE_CURVE('',#1119,#1101,#734,.T.);
#1460=EDGE_CURVE('',#1135,#1141,#735,.T.);
#1461=EDGE_CURVE('',#1141,#1141,#182,.T.);
#1462=EDGE_CURVE('',#1142,#1143,#183,.T.);
#1463=EDGE_CURVE('',#1142,#1129,#736,.T.);
#1464=EDGE_CURVE('',#1143,#1128,#737,.T.);
#1465=EDGE_CURVE('',#1144,#1143,#738,.T.);
#1466=EDGE_CURVE('',#1144,#1127,#739,.T.);
#1467=EDGE_CURVE('',#1136,#1144,#184,.T.);
#1468=EDGE_CURVE('',#1145,#1124,#185,.T.);
#1469=EDGE_CURVE('',#1145,#1130,#740,.T.);
#1470=EDGE_CURVE('',#1142,#1145,#186,.T.);
#1471=ORIENTED_EDGE('',*,*,#1146,.T.);
#1472=ORIENTED_EDGE('',*,*,#1147,.F.);
#1473=ORIENTED_EDGE('',*,*,#1148,.F.);
#1474=ORIENTED_EDGE('',*,*,#1149,.T.);
#1475=ORIENTED_EDGE('',*,*,#1150,.F.);
#1476=ORIENTED_EDGE('',*,*,#1151,.F.);
#1477=ORIENTED_EDGE('',*,*,#1152,.T.);
#1478=ORIENTED_EDGE('',*,*,#1153,.F.);
#1479=ORIENTED_EDGE('',*,*,#1154,.F.);
#1480=ORIENTED_EDGE('',*,*,#1155,.F.);
#1481=ORIENTED_EDGE('',*,*,#1156,.T.);
#1482=ORIENTED_EDGE('',*,*,#1151,.T.);
#1483=ORIENTED_EDGE('',*,*,#1157,.T.);
#1484=ORIENTED_EDGE('',*,*,#1158,.T.);
#1485=ORIENTED_EDGE('',*,*,#1159,.F.);
#1486=ORIENTED_EDGE('',*,*,#1160,.T.);
#1487=ORIENTED_EDGE('',*,*,#1161,.F.);
#1488=ORIENTED_EDGE('',*,*,#1147,.T.);
#1489=ORIENTED_EDGE('',*,*,#1162,.T.);
#1490=ORIENTED_EDGE('',*,*,#1163,.T.);
#1491=ORIENTED_EDGE('',*,*,#1164,.T.);
#1492=ORIENTED_EDGE('',*,*,#1165,.T.);
#1493=ORIENTED_EDGE('',*,*,#1166,.T.);
#1494=ORIENTED_EDGE('',*,*,#1167,.T.);
#1495=ORIENTED_EDGE('',*,*,#1168,.T.);
#1496=ORIENTED_EDGE('',*,*,#1169,.T.);
#1497=ORIENTED_EDGE('',*,*,#1170,.T.);
#1498=ORIENTED_EDGE('',*,*,#1171,.T.);
#1499=ORIENTED_EDGE('',*,*,#1172,.T.);
#1500=ORIENTED_EDGE('',*,*,#1173,.T.);
#1501=ORIENTED_EDGE('',*,*,#1174,.T.);
#1502=ORIENTED_EDGE('',*,*,#1175,.T.);
#1503=ORIENTED_EDGE('',*,*,#1176,.T.);
#1504=ORIENTED_EDGE('',*,*,#1177,.T.);
#1505=ORIENTED_EDGE('',*,*,#1150,.T.);
#1506=ORIENTED_EDGE('',*,*,#1149,.F.);
#1507=ORIENTED_EDGE('',*,*,#1178,.F.);
#1508=ORIENTED_EDGE('',*,*,#1179,.F.);
#1509=ORIENTED_EDGE('',*,*,#1180,.F.);
#1510=ORIENTED_EDGE('',*,*,#1181,.F.);
#1511=ORIENTED_EDGE('',*,*,#1182,.F.);
#1512=ORIENTED_EDGE('',*,*,#1183,.T.);
#1513=ORIENTED_EDGE('',*,*,#1184,.F.);
#1514=ORIENTED_EDGE('',*,*,#1185,.T.);
#1515=ORIENTED_EDGE('',*,*,#1186,.F.);
#1516=ORIENTED_EDGE('',*,*,#1187,.T.);
#1517=ORIENTED_EDGE('',*,*,#1188,.F.);
#1518=ORIENTED_EDGE('',*,*,#1189,.T.);
#1519=ORIENTED_EDGE('',*,*,#1190,.F.);
#1520=ORIENTED_EDGE('',*,*,#1191,.T.);
#1521=ORIENTED_EDGE('',*,*,#1192,.F.);
#1522=ORIENTED_EDGE('',*,*,#1193,.T.);
#1523=ORIENTED_EDGE('',*,*,#1194,.F.);
#1524=ORIENTED_EDGE('',*,*,#1195,.T.);
#1525=ORIENTED_EDGE('',*,*,#1196,.F.);
#1526=ORIENTED_EDGE('',*,*,#1197,.T.);
#1527=ORIENTED_EDGE('',*,*,#1156,.F.);
#1528=ORIENTED_EDGE('',*,*,#1198,.F.);
#1529=ORIENTED_EDGE('',*,*,#1199,.F.);
#1530=ORIENTED_EDGE('',*,*,#1200,.T.);
#1531=ORIENTED_EDGE('',*,*,#1201,.F.);
#1532=ORIENTED_EDGE('',*,*,#1202,.T.);
#1533=ORIENTED_EDGE('',*,*,#1203,.T.);
#1534=ORIENTED_EDGE('',*,*,#1204,.T.);
#1535=ORIENTED_EDGE('',*,*,#1205,.T.);
#1536=ORIENTED_EDGE('',*,*,#1206,.T.);
#1537=ORIENTED_EDGE('',*,*,#1207,.T.);
#1538=ORIENTED_EDGE('',*,*,#1198,.T.);
#1539=ORIENTED_EDGE('',*,*,#1208,.T.);
#1540=ORIENTED_EDGE('',*,*,#1209,.T.);
#1541=ORIENTED_EDGE('',*,*,#1210,.T.);
#1542=ORIENTED_EDGE('',*,*,#1211,.T.);
#1543=ORIENTED_EDGE('',*,*,#1212,.T.);
#1544=ORIENTED_EDGE('',*,*,#1146,.F.);
#1545=ORIENTED_EDGE('',*,*,#1153,.T.);
#1546=ORIENTED_EDGE('',*,*,#1213,.T.);
#1547=ORIENTED_EDGE('',*,*,#1214,.F.);
#1548=ORIENTED_EDGE('',*,*,#1180,.T.);
#1549=ORIENTED_EDGE('',*,*,#1215,.T.);
#1550=ORIENTED_EDGE('',*,*,#1159,.T.);
#1551=ORIENTED_EDGE('',*,*,#1216,.T.);
#1552=ORIENTED_EDGE('',*,*,#1154,.T.);
#1553=ORIENTED_EDGE('',*,*,#1181,.T.);
#1554=ORIENTED_EDGE('',*,*,#1216,.F.);
#1555=ORIENTED_EDGE('',*,*,#1158,.F.);
#1556=ORIENTED_EDGE('',*,*,#1157,.F.);
#1557=ORIENTED_EDGE('',*,*,#1214,.T.);
#1558=ORIENTED_EDGE('',*,*,#1201,.T.);
#1559=ORIENTED_EDGE('',*,*,#1155,.T.);
#1560=ORIENTED_EDGE('',*,*,#1178,.T.);
#1561=ORIENTED_EDGE('',*,*,#1148,.T.);
#1562=ORIENTED_EDGE('',*,*,#1161,.T.);
#1563=ORIENTED_EDGE('',*,*,#1217,.T.);
#1564=ORIENTED_EDGE('',*,*,#1213,.F.);
#1565=ORIENTED_EDGE('',*,*,#1218,.T.);
#1566=ORIENTED_EDGE('',*,*,#1219,.T.);
#1567=ORIENTED_EDGE('',*,*,#1202,.F.);
#1568=ORIENTED_EDGE('',*,*,#1215,.F.);
#1569=ORIENTED_EDGE('',*,*,#1179,.T.);
#1570=ORIENTED_EDGE('',*,*,#1217,.F.);
#1571=ORIENTED_EDGE('',*,*,#1160,.F.);
#1572=ORIENTED_EDGE('',*,*,#1220,.F.);
#1573=ORIENTED_EDGE('',*,*,#1221,.T.);
#1574=ORIENTED_EDGE('',*,*,#1211,.F.);
#1575=ORIENTED_EDGE('',*,*,#1222,.F.);
#1576=ORIENTED_EDGE('',*,*,#1223,.F.);
#1577=ORIENTED_EDGE('',*,*,#1222,.T.);
#1578=ORIENTED_EDGE('',*,*,#1210,.F.);
#1579=ORIENTED_EDGE('',*,*,#1224,.F.);
#1580=ORIENTED_EDGE('',*,*,#1225,.F.);
#1581=ORIENTED_EDGE('',*,*,#1224,.T.);
#1582=ORIENTED_EDGE('',*,*,#1209,.F.);
#1583=ORIENTED_EDGE('',*,*,#1226,.F.);
#1584=ORIENTED_EDGE('',*,*,#1227,.T.);
#1585=ORIENTED_EDGE('',*,*,#1226,.T.);
#1586=ORIENTED_EDGE('',*,*,#1208,.F.);
#1587=ORIENTED_EDGE('',*,*,#1221,.F.);
#1588=ORIENTED_EDGE('',*,*,#1183,.F.);
#1589=ORIENTED_EDGE('',*,*,#1228,.T.);
#1590=ORIENTED_EDGE('',*,*,#1165,.F.);
#1591=ORIENTED_EDGE('',*,*,#1229,.F.);
#1592=ORIENTED_EDGE('',*,*,#1184,.T.);
#1593=ORIENTED_EDGE('',*,*,#1229,.T.);
#1594=ORIENTED_EDGE('',*,*,#1164,.F.);
#1595=ORIENTED_EDGE('',*,*,#1230,.F.);
#1596=ORIENTED_EDGE('',*,*,#1185,.F.);
#1597=ORIENTED_EDGE('',*,*,#1230,.T.);
#1598=ORIENTED_EDGE('',*,*,#1163,.F.);
#1599=ORIENTED_EDGE('',*,*,#1231,.F.);
#1600=ORIENTED_EDGE('',*,*,#1182,.T.);
#1601=ORIENTED_EDGE('',*,*,#1231,.T.);
#1602=ORIENTED_EDGE('',*,*,#1162,.F.);
#1603=ORIENTED_EDGE('',*,*,#1228,.F.);
#1604=ORIENTED_EDGE('',*,*,#1187,.F.);
#1605=ORIENTED_EDGE('',*,*,#1232,.T.);
#1606=ORIENTED_EDGE('',*,*,#1169,.F.);
#1607=ORIENTED_EDGE('',*,*,#1233,.F.);
#1608=ORIENTED_EDGE('',*,*,#1188,.T.);
#1609=ORIENTED_EDGE('',*,*,#1233,.T.);
#1610=ORIENTED_EDGE('',*,*,#1168,.F.);
#1611=ORIENTED_EDGE('',*,*,#1234,.F.);
#1612=ORIENTED_EDGE('',*,*,#1189,.F.);
#1613=ORIENTED_EDGE('',*,*,#1234,.T.);
#1614=ORIENTED_EDGE('',*,*,#1167,.F.);
#1615=ORIENTED_EDGE('',*,*,#1235,.F.);
#1616=ORIENTED_EDGE('',*,*,#1186,.T.);
#1617=ORIENTED_EDGE('',*,*,#1235,.T.);
#1618=ORIENTED_EDGE('',*,*,#1166,.F.);
#1619=ORIENTED_EDGE('',*,*,#1232,.F.);
#1620=ORIENTED_EDGE('',*,*,#1191,.F.);
#1621=ORIENTED_EDGE('',*,*,#1236,.T.);
#1622=ORIENTED_EDGE('',*,*,#1173,.F.);
#1623=ORIENTED_EDGE('',*,*,#1237,.F.);
#1624=ORIENTED_EDGE('',*,*,#1192,.T.);
#1625=ORIENTED_EDGE('',*,*,#1237,.T.);
#1626=ORIENTED_EDGE('',*,*,#1172,.F.);
#1627=ORIENTED_EDGE('',*,*,#1238,.F.);
#1628=ORIENTED_EDGE('',*,*,#1193,.F.);
#1629=ORIENTED_EDGE('',*,*,#1238,.T.);
#1630=ORIENTED_EDGE('',*,*,#1171,.F.);
#1631=ORIENTED_EDGE('',*,*,#1239,.F.);
#1632=ORIENTED_EDGE('',*,*,#1190,.T.);
#1633=ORIENTED_EDGE('',*,*,#1239,.T.);
#1634=ORIENTED_EDGE('',*,*,#1170,.F.);
#1635=ORIENTED_EDGE('',*,*,#1236,.F.);
#1636=ORIENTED_EDGE('',*,*,#1195,.F.);
#1637=ORIENTED_EDGE('',*,*,#1240,.T.);
#1638=ORIENTED_EDGE('',*,*,#1177,.F.);
#1639=ORIENTED_EDGE('',*,*,#1241,.F.);
#1640=ORIENTED_EDGE('',*,*,#1196,.T.);
#1641=ORIENTED_EDGE('',*,*,#1241,.T.);
#1642=ORIENTED_EDGE('',*,*,#1176,.F.);
#1643=ORIENTED_EDGE('',*,*,#1242,.F.);
#1644=ORIENTED_EDGE('',*,*,#1197,.F.);
#1645=ORIENTED_EDGE('',*,*,#1242,.T.);
#1646=ORIENTED_EDGE('',*,*,#1175,.F.);
#1647=ORIENTED_EDGE('',*,*,#1243,.F.);
#1648=ORIENTED_EDGE('',*,*,#1194,.T.);
#1649=ORIENTED_EDGE('',*,*,#1243,.T.);
#1650=ORIENTED_EDGE('',*,*,#1174,.F.);
#1651=ORIENTED_EDGE('',*,*,#1240,.F.);
#1652=ORIENTED_EDGE('',*,*,#1212,.F.);
#1653=ORIENTED_EDGE('',*,*,#1244,.T.);
#1654=ORIENTED_EDGE('',*,*,#1245,.F.);
#1655=ORIENTED_EDGE('',*,*,#1244,.F.);
#1656=ORIENTED_EDGE('',*,*,#1246,.F.);
#1657=ORIENTED_EDGE('',*,*,#1247,.T.);
#1658=ORIENTED_EDGE('',*,*,#1206,.F.);
#1659=ORIENTED_EDGE('',*,*,#1248,.F.);
#1660=ORIENTED_EDGE('',*,*,#1249,.F.);
#1661=ORIENTED_EDGE('',*,*,#1248,.T.);
#1662=ORIENTED_EDGE('',*,*,#1205,.F.);
#1663=ORIENTED_EDGE('',*,*,#1250,.F.);
#1664=ORIENTED_EDGE('',*,*,#1251,.T.);
#1665=ORIENTED_EDGE('',*,*,#1250,.T.);
#1666=ORIENTED_EDGE('',*,*,#1204,.F.);
#1667=ORIENTED_EDGE('',*,*,#1252,.F.);
#1668=ORIENTED_EDGE('',*,*,#1253,.T.);
#1669=ORIENTED_EDGE('',*,*,#1252,.T.);
#1670=ORIENTED_EDGE('',*,*,#1203,.F.);
#1671=ORIENTED_EDGE('',*,*,#1219,.F.);
#1672=ORIENTED_EDGE('',*,*,#1254,.T.);
#1673=ORIENTED_EDGE('',*,*,#1199,.T.);
#1674=ORIENTED_EDGE('',*,*,#1207,.F.);
#1675=ORIENTED_EDGE('',*,*,#1247,.F.);
#1676=ORIENTED_EDGE('',*,*,#1152,.F.);
#1677=ORIENTED_EDGE('',*,*,#1200,.F.);
#1678=ORIENTED_EDGE('',*,*,#1254,.F.);
#1679=ORIENTED_EDGE('',*,*,#1246,.T.);
#1680=ORIENTED_EDGE('',*,*,#1249,.T.);
#1681=ORIENTED_EDGE('',*,*,#1251,.F.);
#1682=ORIENTED_EDGE('',*,*,#1253,.F.);
#1683=ORIENTED_EDGE('',*,*,#1218,.F.);
#1684=ORIENTED_EDGE('',*,*,#1245,.T.);
#1685=ORIENTED_EDGE('',*,*,#1227,.F.);
#1686=ORIENTED_EDGE('',*,*,#1220,.T.);
#1687=ORIENTED_EDGE('',*,*,#1223,.T.);
#1688=ORIENTED_EDGE('',*,*,#1225,.T.);
#1689=ORIENTED_EDGE('',*,*,#1255,.T.);
#1690=ORIENTED_EDGE('',*,*,#1256,.F.);
#1691=ORIENTED_EDGE('',*,*,#1257,.F.);
#1692=ORIENTED_EDGE('',*,*,#1258,.F.);
#1693=ORIENTED_EDGE('',*,*,#1259,.F.);
#1694=ORIENTED_EDGE('',*,*,#1260,.T.);
#1695=ORIENTED_EDGE('',*,*,#1261,.T.);
#1696=ORIENTED_EDGE('',*,*,#1262,.T.);
#1697=ORIENTED_EDGE('',*,*,#1263,.F.);
#1698=ORIENTED_EDGE('',*,*,#1264,.F.);
#1699=ORIENTED_EDGE('',*,*,#1265,.T.);
#1700=ORIENTED_EDGE('',*,*,#1260,.F.);
#1701=ORIENTED_EDGE('',*,*,#1266,.T.);
#1702=ORIENTED_EDGE('',*,*,#1267,.T.);
#1703=ORIENTED_EDGE('',*,*,#1268,.T.);
#1704=ORIENTED_EDGE('',*,*,#1269,.T.);
#1705=ORIENTED_EDGE('',*,*,#1270,.T.);
#1706=ORIENTED_EDGE('',*,*,#1271,.T.);
#1707=ORIENTED_EDGE('',*,*,#1272,.T.);
#1708=ORIENTED_EDGE('',*,*,#1273,.T.);
#1709=ORIENTED_EDGE('',*,*,#1274,.T.);
#1710=ORIENTED_EDGE('',*,*,#1256,.T.);
#1711=ORIENTED_EDGE('',*,*,#1275,.T.);
#1712=ORIENTED_EDGE('',*,*,#1276,.T.);
#1713=ORIENTED_EDGE('',*,*,#1259,.T.);
#1714=ORIENTED_EDGE('',*,*,#1258,.T.);
#1715=ORIENTED_EDGE('',*,*,#1277,.F.);
#1716=ORIENTED_EDGE('',*,*,#1278,.T.);
#1717=ORIENTED_EDGE('',*,*,#1279,.T.);
#1718=ORIENTED_EDGE('',*,*,#1280,.F.);
#1719=ORIENTED_EDGE('',*,*,#1281,.F.);
#1720=ORIENTED_EDGE('',*,*,#1282,.F.);
#1721=ORIENTED_EDGE('',*,*,#1283,.F.);
#1722=ORIENTED_EDGE('',*,*,#1284,.T.);
#1723=ORIENTED_EDGE('',*,*,#1285,.T.);
#1724=ORIENTED_EDGE('',*,*,#1286,.T.);
#1725=ORIENTED_EDGE('',*,*,#1265,.F.);
#1726=ORIENTED_EDGE('',*,*,#1287,.F.);
#1727=ORIENTED_EDGE('',*,*,#1288,.F.);
#1728=ORIENTED_EDGE('',*,*,#1289,.F.);
#1729=ORIENTED_EDGE('',*,*,#1290,.F.);
#1730=ORIENTED_EDGE('',*,*,#1291,.T.);
#1731=ORIENTED_EDGE('',*,*,#1292,.F.);
#1732=ORIENTED_EDGE('',*,*,#1287,.T.);
#1733=ORIENTED_EDGE('',*,*,#1293,.T.);
#1734=ORIENTED_EDGE('',*,*,#1294,.T.);
#1735=ORIENTED_EDGE('',*,*,#1295,.T.);
#1736=ORIENTED_EDGE('',*,*,#1296,.T.);
#1737=ORIENTED_EDGE('',*,*,#1297,.T.);
#1738=ORIENTED_EDGE('',*,*,#1255,.F.);
#1739=ORIENTED_EDGE('',*,*,#1262,.F.);
#1740=ORIENTED_EDGE('',*,*,#1298,.T.);
#1741=ORIENTED_EDGE('',*,*,#1299,.F.);
#1742=ORIENTED_EDGE('',*,*,#1300,.T.);
#1743=ORIENTED_EDGE('',*,*,#1301,.F.);
#1744=ORIENTED_EDGE('',*,*,#1302,.T.);
#1745=ORIENTED_EDGE('',*,*,#1303,.F.);
#1746=ORIENTED_EDGE('',*,*,#1304,.F.);
#1747=ORIENTED_EDGE('',*,*,#1305,.T.);
#1748=ORIENTED_EDGE('',*,*,#1292,.T.);
#1749=ORIENTED_EDGE('',*,*,#1306,.T.);
#1750=ORIENTED_EDGE('',*,*,#1307,.F.);
#1751=ORIENTED_EDGE('',*,*,#1308,.F.);
#1752=ORIENTED_EDGE('',*,*,#1288,.T.);
#1753=ORIENTED_EDGE('',*,*,#1305,.F.);
#1754=ORIENTED_EDGE('',*,*,#1309,.T.);
#1755=ORIENTED_EDGE('',*,*,#1310,.T.);
#1756=ORIENTED_EDGE('',*,*,#1311,.F.);
#1757=ORIENTED_EDGE('',*,*,#1312,.T.);
#1758=ORIENTED_EDGE('',*,*,#1313,.F.);
#1759=ORIENTED_EDGE('',*,*,#1314,.T.);
#1760=ORIENTED_EDGE('',*,*,#1315,.T.);
#1761=ORIENTED_EDGE('',*,*,#1316,.F.);
#1762=ORIENTED_EDGE('',*,*,#1317,.F.);
#1763=ORIENTED_EDGE('',*,*,#1301,.T.);
#1764=ORIENTED_EDGE('',*,*,#1318,.T.);
#1765=ORIENTED_EDGE('',*,*,#1319,.T.);
#1766=ORIENTED_EDGE('',*,*,#1304,.T.);
#1767=ORIENTED_EDGE('',*,*,#1303,.T.);
#1768=ORIENTED_EDGE('',*,*,#1320,.T.);
#1769=ORIENTED_EDGE('',*,*,#1321,.T.);
#1770=ORIENTED_EDGE('',*,*,#1322,.T.);
#1771=ORIENTED_EDGE('',*,*,#1323,.T.);
#1772=ORIENTED_EDGE('',*,*,#1324,.T.);
#1773=ORIENTED_EDGE('',*,*,#1325,.T.);
#1774=ORIENTED_EDGE('',*,*,#1326,.T.);
#1775=ORIENTED_EDGE('',*,*,#1327,.T.);
#1776=ORIENTED_EDGE('',*,*,#1328,.T.);
#1777=ORIENTED_EDGE('',*,*,#1329,.T.);
#1778=ORIENTED_EDGE('',*,*,#1263,.T.);
#1779=ORIENTED_EDGE('',*,*,#1284,.F.);
#1780=ORIENTED_EDGE('',*,*,#1330,.T.);
#1781=ORIENTED_EDGE('',*,*,#1267,.F.);
#1782=ORIENTED_EDGE('',*,*,#1261,.F.);
#1783=ORIENTED_EDGE('',*,*,#1289,.T.);
#1784=ORIENTED_EDGE('',*,*,#1331,.F.);
#1785=ORIENTED_EDGE('',*,*,#1332,.T.);
#1786=ORIENTED_EDGE('',*,*,#1333,.T.);
#1787=ORIENTED_EDGE('',*,*,#1334,.T.);
#1788=ORIENTED_EDGE('',*,*,#1335,.T.);
#1789=ORIENTED_EDGE('',*,*,#1336,.T.);
#1790=ORIENTED_EDGE('',*,*,#1337,.T.);
#1791=ORIENTED_EDGE('',*,*,#1300,.F.);
#1792=ORIENTED_EDGE('',*,*,#1306,.F.);
#1793=ORIENTED_EDGE('',*,*,#1338,.T.);
#1794=ORIENTED_EDGE('',*,*,#1339,.F.);
#1795=ORIENTED_EDGE('',*,*,#1293,.F.);
#1796=ORIENTED_EDGE('',*,*,#1340,.T.);
#1797=ORIENTED_EDGE('',*,*,#1333,.F.);
#1798=ORIENTED_EDGE('',*,*,#1340,.F.);
#1799=ORIENTED_EDGE('',*,*,#1328,.F.);
#1800=ORIENTED_EDGE('',*,*,#1341,.T.);
#1801=ORIENTED_EDGE('',*,*,#1318,.F.);
#1802=ORIENTED_EDGE('',*,*,#1341,.F.);
#1803=ORIENTED_EDGE('',*,*,#1329,.F.);
#1804=ORIENTED_EDGE('',*,*,#1342,.T.);
#1805=ORIENTED_EDGE('',*,*,#1319,.F.);
#1806=ORIENTED_EDGE('',*,*,#1342,.F.);
#1807=ORIENTED_EDGE('',*,*,#1275,.F.);
#1808=ORIENTED_EDGE('',*,*,#1343,.T.);
#1809=ORIENTED_EDGE('',*,*,#1286,.F.);
#1810=ORIENTED_EDGE('',*,*,#1343,.F.);
#1811=ORIENTED_EDGE('',*,*,#1276,.F.);
#1812=ORIENTED_EDGE('',*,*,#1344,.T.);
#1813=ORIENTED_EDGE('',*,*,#1285,.F.);
#1814=ORIENTED_EDGE('',*,*,#1344,.F.);
#1815=ORIENTED_EDGE('',*,*,#1294,.F.);
#1816=ORIENTED_EDGE('',*,*,#1345,.T.);
#1817=ORIENTED_EDGE('',*,*,#1334,.F.);
#1818=ORIENTED_EDGE('',*,*,#1345,.F.);
#1819=ORIENTED_EDGE('',*,*,#1295,.F.);
#1820=ORIENTED_EDGE('',*,*,#1346,.T.);
#1821=ORIENTED_EDGE('',*,*,#1335,.F.);
#1822=ORIENTED_EDGE('',*,*,#1346,.F.);
#1823=ORIENTED_EDGE('',*,*,#1296,.F.);
#1824=ORIENTED_EDGE('',*,*,#1347,.T.);
#1825=ORIENTED_EDGE('',*,*,#1336,.F.);
#1826=ORIENTED_EDGE('',*,*,#1347,.F.);
#1827=ORIENTED_EDGE('',*,*,#1297,.F.);
#1828=ORIENTED_EDGE('',*,*,#1348,.T.);
#1829=ORIENTED_EDGE('',*,*,#1337,.F.);
#1830=ORIENTED_EDGE('',*,*,#1348,.F.);
#1831=ORIENTED_EDGE('',*,*,#1298,.F.);
#1832=ORIENTED_EDGE('',*,*,#1332,.F.);
#1833=ORIENTED_EDGE('',*,*,#1338,.F.);
#1834=ORIENTED_EDGE('',*,*,#1291,.F.);
#1835=ORIENTED_EDGE('',*,*,#1277,.T.);
#1836=ORIENTED_EDGE('',*,*,#1257,.T.);
#1837=ORIENTED_EDGE('',*,*,#1274,.F.);
#1838=ORIENTED_EDGE('',*,*,#1349,.F.);
#1839=ORIENTED_EDGE('',*,*,#1278,.F.);
#1840=ORIENTED_EDGE('',*,*,#1349,.T.);
#1841=ORIENTED_EDGE('',*,*,#1273,.F.);
#1842=ORIENTED_EDGE('',*,*,#1350,.F.);
#1843=ORIENTED_EDGE('',*,*,#1279,.F.);
#1844=ORIENTED_EDGE('',*,*,#1350,.T.);
#1845=ORIENTED_EDGE('',*,*,#1272,.F.);
#1846=ORIENTED_EDGE('',*,*,#1351,.F.);
#1847=ORIENTED_EDGE('',*,*,#1280,.T.);
#1848=ORIENTED_EDGE('',*,*,#1351,.T.);
#1849=ORIENTED_EDGE('',*,*,#1271,.F.);
#1850=ORIENTED_EDGE('',*,*,#1352,.F.);
#1851=ORIENTED_EDGE('',*,*,#1281,.T.);
#1852=ORIENTED_EDGE('',*,*,#1352,.T.);
#1853=ORIENTED_EDGE('',*,*,#1270,.F.);
#1854=ORIENTED_EDGE('',*,*,#1353,.F.);
#1855=ORIENTED_EDGE('',*,*,#1282,.T.);
#1856=ORIENTED_EDGE('',*,*,#1353,.T.);
#1857=ORIENTED_EDGE('',*,*,#1269,.F.);
#1858=ORIENTED_EDGE('',*,*,#1354,.F.);
#1859=ORIENTED_EDGE('',*,*,#1283,.T.);
#1860=ORIENTED_EDGE('',*,*,#1354,.T.);
#1861=ORIENTED_EDGE('',*,*,#1268,.F.);
#1862=ORIENTED_EDGE('',*,*,#1330,.F.);
#1863=ORIENTED_EDGE('',*,*,#1307,.T.);
#1864=ORIENTED_EDGE('',*,*,#1327,.F.);
#1865=ORIENTED_EDGE('',*,*,#1355,.F.);
#1866=ORIENTED_EDGE('',*,*,#1310,.F.);
#1867=ORIENTED_EDGE('',*,*,#1311,.T.);
#1868=ORIENTED_EDGE('',*,*,#1355,.T.);
#1869=ORIENTED_EDGE('',*,*,#1326,.F.);
#1870=ORIENTED_EDGE('',*,*,#1356,.F.);
#1871=ORIENTED_EDGE('',*,*,#1312,.F.);
#1872=ORIENTED_EDGE('',*,*,#1356,.T.);
#1873=ORIENTED_EDGE('',*,*,#1325,.F.);
#1874=ORIENTED_EDGE('',*,*,#1357,.F.);
#1875=ORIENTED_EDGE('',*,*,#1313,.T.);
#1876=ORIENTED_EDGE('',*,*,#1357,.T.);
#1877=ORIENTED_EDGE('',*,*,#1324,.F.);
#1878=ORIENTED_EDGE('',*,*,#1358,.F.);
#1879=ORIENTED_EDGE('',*,*,#1314,.F.);
#1880=ORIENTED_EDGE('',*,*,#1358,.T.);
#1881=ORIENTED_EDGE('',*,*,#1323,.F.);
#1882=ORIENTED_EDGE('',*,*,#1359,.F.);
#1883=ORIENTED_EDGE('',*,*,#1315,.F.);
#1884=ORIENTED_EDGE('',*,*,#1359,.T.);
#1885=ORIENTED_EDGE('',*,*,#1322,.F.);
#1886=ORIENTED_EDGE('',*,*,#1360,.F.);
#1887=ORIENTED_EDGE('',*,*,#1316,.T.);
#1888=ORIENTED_EDGE('',*,*,#1360,.T.);
#1889=ORIENTED_EDGE('',*,*,#1321,.F.);
#1890=ORIENTED_EDGE('',*,*,#1361,.F.);
#1891=ORIENTED_EDGE('',*,*,#1317,.T.);
#1892=ORIENTED_EDGE('',*,*,#1361,.T.);
#1893=ORIENTED_EDGE('',*,*,#1320,.F.);
#1894=ORIENTED_EDGE('',*,*,#1302,.F.);
#1895=ORIENTED_EDGE('',*,*,#1266,.F.);
#1896=ORIENTED_EDGE('',*,*,#1299,.T.);
#1897=ORIENTED_EDGE('',*,*,#1290,.T.);
#1898=ORIENTED_EDGE('',*,*,#1264,.T.);
#1899=ORIENTED_EDGE('',*,*,#1309,.F.);
#1900=ORIENTED_EDGE('',*,*,#1339,.T.);
#1901=ORIENTED_EDGE('',*,*,#1331,.T.);
#1902=ORIENTED_EDGE('',*,*,#1308,.T.);
#1903=ORIENTED_EDGE('',*,*,#1362,.T.);
#1904=ORIENTED_EDGE('',*,*,#1363,.F.);
#1905=ORIENTED_EDGE('',*,*,#1364,.F.);
#1906=ORIENTED_EDGE('',*,*,#1365,.F.);
#1907=ORIENTED_EDGE('',*,*,#1366,.F.);
#1908=ORIENTED_EDGE('',*,*,#1367,.T.);
#1909=ORIENTED_EDGE('',*,*,#1368,.T.);
#1910=ORIENTED_EDGE('',*,*,#1369,.T.);
#1911=ORIENTED_EDGE('',*,*,#1370,.F.);
#1912=ORIENTED_EDGE('',*,*,#1371,.F.);
#1913=ORIENTED_EDGE('',*,*,#1372,.T.);
#1914=ORIENTED_EDGE('',*,*,#1367,.F.);
#1915=ORIENTED_EDGE('',*,*,#1373,.T.);
#1916=ORIENTED_EDGE('',*,*,#1374,.T.);
#1917=ORIENTED_EDGE('',*,*,#1375,.F.);
#1918=ORIENTED_EDGE('',*,*,#1376,.T.);
#1919=ORIENTED_EDGE('',*,*,#1377,.F.);
#1920=ORIENTED_EDGE('',*,*,#1363,.T.);
#1921=ORIENTED_EDGE('',*,*,#1378,.T.);
#1922=ORIENTED_EDGE('',*,*,#1379,.T.);
#1923=ORIENTED_EDGE('',*,*,#1380,.T.);
#1924=ORIENTED_EDGE('',*,*,#1381,.T.);
#1925=ORIENTED_EDGE('',*,*,#1382,.T.);
#1926=ORIENTED_EDGE('',*,*,#1383,.T.);
#1927=ORIENTED_EDGE('',*,*,#1384,.T.);
#1928=ORIENTED_EDGE('',*,*,#1385,.T.);
#1929=ORIENTED_EDGE('',*,*,#1386,.T.);
#1930=ORIENTED_EDGE('',*,*,#1387,.T.);
#1931=ORIENTED_EDGE('',*,*,#1388,.T.);
#1932=ORIENTED_EDGE('',*,*,#1389,.T.);
#1933=ORIENTED_EDGE('',*,*,#1390,.T.);
#1934=ORIENTED_EDGE('',*,*,#1391,.T.);
#1935=ORIENTED_EDGE('',*,*,#1392,.T.);
#1936=ORIENTED_EDGE('',*,*,#1393,.T.);
#1937=ORIENTED_EDGE('',*,*,#1366,.T.);
#1938=ORIENTED_EDGE('',*,*,#1365,.T.);
#1939=ORIENTED_EDGE('',*,*,#1394,.F.);
#1940=ORIENTED_EDGE('',*,*,#1395,.T.);
#1941=ORIENTED_EDGE('',*,*,#1396,.F.);
#1942=ORIENTED_EDGE('',*,*,#1397,.T.);
#1943=ORIENTED_EDGE('',*,*,#1398,.T.);
#1944=ORIENTED_EDGE('',*,*,#1399,.T.);
#1945=ORIENTED_EDGE('',*,*,#1400,.T.);
#1946=ORIENTED_EDGE('',*,*,#1401,.T.);
#1947=ORIENTED_EDGE('',*,*,#1402,.T.);
#1948=ORIENTED_EDGE('',*,*,#1403,.T.);
#1949=ORIENTED_EDGE('',*,*,#1404,.T.);
#1950=ORIENTED_EDGE('',*,*,#1405,.T.);
#1951=ORIENTED_EDGE('',*,*,#1406,.T.);
#1952=ORIENTED_EDGE('',*,*,#1407,.T.);
#1953=ORIENTED_EDGE('',*,*,#1408,.T.);
#1954=ORIENTED_EDGE('',*,*,#1409,.T.);
#1955=ORIENTED_EDGE('',*,*,#1410,.T.);
#1956=ORIENTED_EDGE('',*,*,#1411,.T.);
#1957=ORIENTED_EDGE('',*,*,#1412,.T.);
#1958=ORIENTED_EDGE('',*,*,#1413,.T.);
#1959=ORIENTED_EDGE('',*,*,#1372,.F.);
#1960=ORIENTED_EDGE('',*,*,#1414,.F.);
#1961=ORIENTED_EDGE('',*,*,#1415,.F.);
#1962=ORIENTED_EDGE('',*,*,#1416,.F.);
#1963=ORIENTED_EDGE('',*,*,#1417,.F.);
#1964=ORIENTED_EDGE('',*,*,#1418,.T.);
#1965=ORIENTED_EDGE('',*,*,#1419,.T.);
#1966=ORIENTED_EDGE('',*,*,#1420,.T.);
#1967=ORIENTED_EDGE('',*,*,#1421,.T.);
#1968=ORIENTED_EDGE('',*,*,#1422,.T.);
#1969=ORIENTED_EDGE('',*,*,#1423,.T.);
#1970=ORIENTED_EDGE('',*,*,#1414,.T.);
#1971=ORIENTED_EDGE('',*,*,#1424,.T.);
#1972=ORIENTED_EDGE('',*,*,#1425,.T.);
#1973=ORIENTED_EDGE('',*,*,#1426,.T.);
#1974=ORIENTED_EDGE('',*,*,#1427,.T.);
#1975=ORIENTED_EDGE('',*,*,#1428,.T.);
#1976=ORIENTED_EDGE('',*,*,#1362,.F.);
#1977=ORIENTED_EDGE('',*,*,#1369,.F.);
#1978=ORIENTED_EDGE('',*,*,#1429,.T.);
#1979=ORIENTED_EDGE('',*,*,#1430,.F.);
#1980=ORIENTED_EDGE('',*,*,#1396,.T.);
#1981=ORIENTED_EDGE('',*,*,#1431,.T.);
#1982=ORIENTED_EDGE('',*,*,#1375,.T.);
#1983=ORIENTED_EDGE('',*,*,#1432,.T.);
#1984=ORIENTED_EDGE('',*,*,#1370,.T.);
#1985=ORIENTED_EDGE('',*,*,#1397,.F.);
#1986=ORIENTED_EDGE('',*,*,#1432,.F.);
#1987=ORIENTED_EDGE('',*,*,#1374,.F.);
#1988=ORIENTED_EDGE('',*,*,#1373,.F.);
#1989=ORIENTED_EDGE('',*,*,#1430,.T.);
#1990=ORIENTED_EDGE('',*,*,#1417,.T.);
#1991=ORIENTED_EDGE('',*,*,#1371,.T.);
#1992=ORIENTED_EDGE('',*,*,#1394,.T.);
#1993=ORIENTED_EDGE('',*,*,#1364,.T.);
#1994=ORIENTED_EDGE('',*,*,#1377,.T.);
#1995=ORIENTED_EDGE('',*,*,#1433,.T.);
#1996=ORIENTED_EDGE('',*,*,#1429,.F.);
#1997=ORIENTED_EDGE('',*,*,#1434,.F.);
#1998=ORIENTED_EDGE('',*,*,#1435,.T.);
#1999=ORIENTED_EDGE('',*,*,#1418,.F.);
#2000=ORIENTED_EDGE('',*,*,#1431,.F.);
#2001=ORIENTED_EDGE('',*,*,#1395,.F.);
#2002=ORIENTED_EDGE('',*,*,#1433,.F.);
#2003=ORIENTED_EDGE('',*,*,#1376,.F.);
#2004=ORIENTED_EDGE('',*,*,#1436,.F.);
#2005=ORIENTED_EDGE('',*,*,#1437,.T.);
#2006=ORIENTED_EDGE('',*,*,#1427,.F.);
#2007=ORIENTED_EDGE('',*,*,#1438,.F.);
#2008=ORIENTED_EDGE('',*,*,#1439,.F.);
#2009=ORIENTED_EDGE('',*,*,#1438,.T.);
#2010=ORIENTED_EDGE('',*,*,#1426,.F.);
#2011=ORIENTED_EDGE('',*,*,#1440,.F.);
#2012=ORIENTED_EDGE('',*,*,#1441,.T.);
#2013=ORIENTED_EDGE('',*,*,#1440,.T.);
#2014=ORIENTED_EDGE('',*,*,#1425,.F.);
#2015=ORIENTED_EDGE('',*,*,#1442,.F.);
#2016=ORIENTED_EDGE('',*,*,#1443,.F.);
#2017=ORIENTED_EDGE('',*,*,#1442,.T.);
#2018=ORIENTED_EDGE('',*,*,#1424,.F.);
#2019=ORIENTED_EDGE('',*,*,#1437,.F.);
#2020=ORIENTED_EDGE('',*,*,#1399,.F.);
#2021=ORIENTED_EDGE('',*,*,#1444,.T.);
#2022=ORIENTED_EDGE('',*,*,#1381,.F.);
#2023=ORIENTED_EDGE('',*,*,#1445,.F.);
#2024=ORIENTED_EDGE('',*,*,#1400,.F.);
#2025=ORIENTED_EDGE('',*,*,#1445,.T.);
#2026=ORIENTED_EDGE('',*,*,#1380,.F.);
#2027=ORIENTED_EDGE('',*,*,#1446,.F.);
#2028=ORIENTED_EDGE('',*,*,#1401,.F.);
#2029=ORIENTED_EDGE('',*,*,#1446,.T.);
#2030=ORIENTED_EDGE('',*,*,#1379,.F.);
#2031=ORIENTED_EDGE('',*,*,#1447,.F.);
#2032=ORIENTED_EDGE('',*,*,#1398,.F.);
#2033=ORIENTED_EDGE('',*,*,#1447,.T.);
#2034=ORIENTED_EDGE('',*,*,#1378,.F.);
#2035=ORIENTED_EDGE('',*,*,#1444,.F.);
#2036=ORIENTED_EDGE('',*,*,#1403,.F.);
#2037=ORIENTED_EDGE('',*,*,#1448,.T.);
#2038=ORIENTED_EDGE('',*,*,#1385,.F.);
#2039=ORIENTED_EDGE('',*,*,#1449,.F.);
#2040=ORIENTED_EDGE('',*,*,#1404,.F.);
#2041=ORIENTED_EDGE('',*,*,#1449,.T.);
#2042=ORIENTED_EDGE('',*,*,#1384,.F.);
#2043=ORIENTED_EDGE('',*,*,#1450,.F.);
#2044=ORIENTED_EDGE('',*,*,#1405,.F.);
#2045=ORIENTED_EDGE('',*,*,#1450,.T.);
#2046=ORIENTED_EDGE('',*,*,#1383,.F.);
#2047=ORIENTED_EDGE('',*,*,#1451,.F.);
#2048=ORIENTED_EDGE('',*,*,#1402,.F.);
#2049=ORIENTED_EDGE('',*,*,#1451,.T.);
#2050=ORIENTED_EDGE('',*,*,#1382,.F.);
#2051=ORIENTED_EDGE('',*,*,#1448,.F.);
#2052=ORIENTED_EDGE('',*,*,#1407,.F.);
#2053=ORIENTED_EDGE('',*,*,#1452,.T.);
#2054=ORIENTED_EDGE('',*,*,#1389,.F.);
#2055=ORIENTED_EDGE('',*,*,#1453,.F.);
#2056=ORIENTED_EDGE('',*,*,#1408,.F.);
#2057=ORIENTED_EDGE('',*,*,#1453,.T.);
#2058=ORIENTED_EDGE('',*,*,#1388,.F.);
#2059=ORIENTED_EDGE('',*,*,#1454,.F.);
#2060=ORIENTED_EDGE('',*,*,#1409,.F.);
#2061=ORIENTED_EDGE('',*,*,#1454,.T.);
#2062=ORIENTED_EDGE('',*,*,#1387,.F.);
#2063=ORIENTED_EDGE('',*,*,#1455,.F.);
#2064=ORIENTED_EDGE('',*,*,#1406,.F.);
#2065=ORIENTED_EDGE('',*,*,#1455,.T.);
#2066=ORIENTED_EDGE('',*,*,#1386,.F.);
#2067=ORIENTED_EDGE('',*,*,#1452,.F.);
#2068=ORIENTED_EDGE('',*,*,#1411,.F.);
#2069=ORIENTED_EDGE('',*,*,#1456,.T.);
#2070=ORIENTED_EDGE('',*,*,#1393,.F.);
#2071=ORIENTED_EDGE('',*,*,#1457,.F.);
#2072=ORIENTED_EDGE('',*,*,#1412,.F.);
#2073=ORIENTED_EDGE('',*,*,#1457,.T.);
#2074=ORIENTED_EDGE('',*,*,#1392,.F.);
#2075=ORIENTED_EDGE('',*,*,#1458,.F.);
#2076=ORIENTED_EDGE('',*,*,#1413,.F.);
#2077=ORIENTED_EDGE('',*,*,#1458,.T.);
#2078=ORIENTED_EDGE('',*,*,#1391,.F.);
#2079=ORIENTED_EDGE('',*,*,#1459,.F.);
#2080=ORIENTED_EDGE('',*,*,#1410,.F.);
#2081=ORIENTED_EDGE('',*,*,#1459,.T.);
#2082=ORIENTED_EDGE('',*,*,#1390,.F.);
#2083=ORIENTED_EDGE('',*,*,#1456,.F.);
#2084=ORIENTED_EDGE('',*,*,#1428,.F.);
#2085=ORIENTED_EDGE('',*,*,#1460,.T.);
#2086=ORIENTED_EDGE('',*,*,#1461,.F.);
#2087=ORIENTED_EDGE('',*,*,#1460,.F.);
#2088=ORIENTED_EDGE('',*,*,#1462,.F.);
#2089=ORIENTED_EDGE('',*,*,#1463,.T.);
#2090=ORIENTED_EDGE('',*,*,#1421,.F.);
#2091=ORIENTED_EDGE('',*,*,#1464,.F.);
#2092=ORIENTED_EDGE('',*,*,#1465,.T.);
#2093=ORIENTED_EDGE('',*,*,#1464,.T.);
#2094=ORIENTED_EDGE('',*,*,#1420,.F.);
#2095=ORIENTED_EDGE('',*,*,#1466,.F.);
#2096=ORIENTED_EDGE('',*,*,#1467,.T.);
#2097=ORIENTED_EDGE('',*,*,#1466,.T.);
#2098=ORIENTED_EDGE('',*,*,#1419,.F.);
#2099=ORIENTED_EDGE('',*,*,#1435,.F.);
#2100=ORIENTED_EDGE('',*,*,#1468,.T.);
#2101=ORIENTED_EDGE('',*,*,#1415,.T.);
#2102=ORIENTED_EDGE('',*,*,#1423,.F.);
#2103=ORIENTED_EDGE('',*,*,#1469,.F.);
#2104=ORIENTED_EDGE('',*,*,#1470,.T.);
#2105=ORIENTED_EDGE('',*,*,#1469,.T.);
#2106=ORIENTED_EDGE('',*,*,#1422,.F.);
#2107=ORIENTED_EDGE('',*,*,#1463,.F.);
#2108=ORIENTED_EDGE('',*,*,#1368,.F.);
#2109=ORIENTED_EDGE('',*,*,#1416,.T.);
#2110=ORIENTED_EDGE('',*,*,#1468,.F.);
#2111=ORIENTED_EDGE('',*,*,#1470,.F.);
#2112=ORIENTED_EDGE('',*,*,#1462,.T.);
#2113=ORIENTED_EDGE('',*,*,#1465,.F.);
#2114=ORIENTED_EDGE('',*,*,#1467,.F.);
#2115=ORIENTED_EDGE('',*,*,#1434,.T.);
#2116=ORIENTED_EDGE('',*,*,#1461,.T.);
#2117=ORIENTED_EDGE('',*,*,#1443,.T.);
#2118=ORIENTED_EDGE('',*,*,#1436,.T.);
#2119=ORIENTED_EDGE('',*,*,#1439,.T.);
#2120=ORIENTED_EDGE('',*,*,#1441,.F.);
#2121=PLANE('',#2324);
#2122=PLANE('',#2328);
#2123=PLANE('',#2330);
#2124=PLANE('',#2341);
#2125=PLANE('',#2352);
#2126=PLANE('',#2353);
#2127=PLANE('',#2363);
#2128=PLANE('',#2366);
#2129=PLANE('',#2369);
#2130=PLANE('',#2370);
#2131=PLANE('',#2380);
#2132=PLANE('',#2382);
#2133=PLANE('',#2384);
#2134=PLANE('',#2386);
#2135=PLANE('',#2388);
#2136=PLANE('',#2390);
#2137=PLANE('',#2392);
#2138=PLANE('',#2394);
#2139=PLANE('',#2397);
#2140=PLANE('',#2406);
#2141=PLANE('',#2407);
#2142=PLANE('',#2411);
#2143=PLANE('',#2413);
#2144=PLANE('',#2420);
#2145=PLANE('',#2427);
#2146=PLANE('',#2428);
#2147=PLANE('',#2434);
#2148=PLANE('',#2436);
#2149=PLANE('',#2440);
#2150=PLANE('',#2442);
#2151=PLANE('',#2449);
#2152=PLANE('',#2456);
#2153=PLANE('',#2457);
#2154=PLANE('',#2463);
#2155=PLANE('',#2474);
#2156=PLANE('',#2476);
#2157=PLANE('',#2478);
#2158=PLANE('',#2480);
#2159=PLANE('',#2482);
#2160=PLANE('',#2484);
#2161=PLANE('',#2486);
#2162=PLANE('',#2488);
#2163=PLANE('',#2492);
#2164=PLANE('',#2496);
#2165=PLANE('',#2498);
#2166=PLANE('',#2509);
#2167=PLANE('',#2520);
#2168=PLANE('',#2521);
#2169=PLANE('',#2531);
#2170=PLANE('',#2534);
#2171=PLANE('',#2537);
#2172=PLANE('',#2538);
#2173=PLANE('',#2548);
#2174=PLANE('',#2550);
#2175=PLANE('',#2552);
#2176=PLANE('',#2554);
#2177=PLANE('',#2556);
#2178=PLANE('',#2558);
#2179=PLANE('',#2560);
#2180=PLANE('',#2562);
#2181=PLANE('',#2567);
#2182=PLANE('',#2574);
#2183=ADVANCED_FACE('',(#250),#2121,.T.);
#2184=ADVANCED_FACE('',(#251),#187,.T.);
#2185=ADVANCED_FACE('',(#252),#2122,.T.);
#2186=ADVANCED_FACE('',(#253,#19,#20,#21,#22),#2123,.T.);
#2187=ADVANCED_FACE('',(#254,#23,#24,#25,#26),#2124,.F.);
#2188=ADVANCED_FACE('',(#255),#2125,.T.);
#2189=ADVANCED_FACE('',(#256,#27,#28),#2126,.T.);
#2190=ADVANCED_FACE('',(#257),#2127,.T.);
#2191=ADVANCED_FACE('',(#258),#188,.T.);
#2192=ADVANCED_FACE('',(#259),#2128,.T.);
#2193=ADVANCED_FACE('',(#260),#189,.F.);
#2194=ADVANCED_FACE('',(#261),#190,.T.);
#2195=ADVANCED_FACE('',(#262),#2129,.T.);
#2196=ADVANCED_FACE('',(#263),#2130,.T.);
#2197=ADVANCED_FACE('',(#264),#191,.F.);
#2198=ADVANCED_FACE('',(#265),#192,.F.);
#2199=ADVANCED_FACE('',(#266),#193,.F.);
#2200=ADVANCED_FACE('',(#267),#194,.T.);
#2201=ADVANCED_FACE('',(#268),#195,.F.);
#2202=ADVANCED_FACE('',(#269),#2131,.T.);
#2203=ADVANCED_FACE('',(#270),#196,.F.);
#2204=ADVANCED_FACE('',(#271),#2132,.T.);
#2205=ADVANCED_FACE('',(#272),#197,.F.);
#2206=ADVANCED_FACE('',(#273),#2133,.T.);
#2207=ADVANCED_FACE('',(#274),#198,.F.);
#2208=ADVANCED_FACE('',(#275),#2134,.T.);
#2209=ADVANCED_FACE('',(#276),#199,.F.);
#2210=ADVANCED_FACE('',(#277),#2135,.T.);
#2211=ADVANCED_FACE('',(#278),#200,.F.);
#2212=ADVANCED_FACE('',(#279),#2136,.T.);
#2213=ADVANCED_FACE('',(#280),#201,.F.);
#2214=ADVANCED_FACE('',(#281),#2137,.T.);
#2215=ADVANCED_FACE('',(#282),#202,.F.);
#2216=ADVANCED_FACE('',(#283),#2138,.T.);
#2217=ADVANCED_FACE('',(#284),#203,.F.);
#2218=ADVANCED_FACE('',(#285),#2139,.T.);
#2219=ADVANCED_FACE('',(#286),#204,.F.);
#2220=ADVANCED_FACE('',(#287),#205,.T.);
#2221=ADVANCED_FACE('',(#288),#206,.T.);
#2222=ADVANCED_FACE('',(#289),#207,.T.);
#2223=ADVANCED_FACE('',(#290,#29,#30),#2140,.F.);
#2224=ADVANCED_FACE('',(#291),#2141,.T.);
#2225=ADVANCED_FACE('',(#292),#208,.T.);
#2226=ADVANCED_FACE('',(#293),#2142,.T.);
#2227=ADVANCED_FACE('',(#294,#31,#32),#2143,.T.);
#2228=ADVANCED_FACE('',(#295,#33,#34),#2144,.F.);
#2229=ADVANCED_FACE('',(#296),#2145,.T.);
#2230=ADVANCED_FACE('',(#297,#35,#36,#37,#38,#39),#2146,.T.);
#2231=ADVANCED_FACE('',(#298),#2147,.T.);
#2232=ADVANCED_FACE('',(#299),#2148,.T.);
#2233=ADVANCED_FACE('',(#300),#209,.F.);
#2234=ADVANCED_FACE('',(#301),#2149,.T.);
#2235=ADVANCED_FACE('',(#302,#40,#41),#2150,.F.);
#2236=ADVANCED_FACE('',(#303,#42,#43),#2151,.T.);
#2237=ADVANCED_FACE('',(#304),#2152,.T.);
#2238=ADVANCED_FACE('',(#305,#44,#45,#46,#47,#48),#2153,.F.);
#2239=ADVANCED_FACE('',(#306),#2154,.T.);
#2240=ADVANCED_FACE('',(#307),#210,.F.);
#2241=ADVANCED_FACE('',(#308),#211,.F.);
#2242=ADVANCED_FACE('',(#309),#212,.F.);
#2243=ADVANCED_FACE('',(#310),#213,.F.);
#2244=ADVANCED_FACE('',(#311),#214,.F.);
#2245=ADVANCED_FACE('',(#312),#215,.F.);
#2246=ADVANCED_FACE('',(#313),#216,.F.);
#2247=ADVANCED_FACE('',(#314),#217,.F.);
#2248=ADVANCED_FACE('',(#315),#218,.F.);
#2249=ADVANCED_FACE('',(#316),#2155,.T.);
#2250=ADVANCED_FACE('',(#317),#219,.T.);
#2251=ADVANCED_FACE('',(#318),#2156,.T.);
#2252=ADVANCED_FACE('',(#319),#220,.F.);
#2253=ADVANCED_FACE('',(#320),#2157,.T.);
#2254=ADVANCED_FACE('',(#321),#221,.T.);
#2255=ADVANCED_FACE('',(#322),#2158,.T.);
#2256=ADVANCED_FACE('',(#323),#222,.T.);
#2257=ADVANCED_FACE('',(#324),#2159,.T.);
#2258=ADVANCED_FACE('',(#325),#223,.T.);
#2259=ADVANCED_FACE('',(#326),#2160,.T.);
#2260=ADVANCED_FACE('',(#327),#224,.T.);
#2261=ADVANCED_FACE('',(#328),#2161,.T.);
#2262=ADVANCED_FACE('',(#329),#225,.F.);
#2263=ADVANCED_FACE('',(#330),#2162,.T.);
#2264=ADVANCED_FACE('',(#331),#226,.T.);
#2265=ADVANCED_FACE('',(#332),#227,.F.);
#2266=ADVANCED_FACE('',(#333),#228,.T.);
#2267=ADVANCED_FACE('',(#334),#2163,.T.);
#2268=ADVANCED_FACE('',(#335),#229,.T.);
#2269=ADVANCED_FACE('',(#336),#2164,.T.);
#2270=ADVANCED_FACE('',(#337,#49,#50,#51,#52),#2165,.T.);
#2271=ADVANCED_FACE('',(#338,#53,#54,#55,#56),#2166,.F.);
#2272=ADVANCED_FACE('',(#339),#2167,.T.);
#2273=ADVANCED_FACE('',(#340,#57,#58),#2168,.T.);
#2274=ADVANCED_FACE('',(#341),#2169,.T.);
#2275=ADVANCED_FACE('',(#342),#230,.T.);
#2276=ADVANCED_FACE('',(#343),#2170,.T.);
#2277=ADVANCED_FACE('',(#344),#231,.F.);
#2278=ADVANCED_FACE('',(#345),#232,.T.);
#2279=ADVANCED_FACE('',(#346),#2171,.T.);
#2280=ADVANCED_FACE('',(#347),#2172,.T.);
#2281=ADVANCED_FACE('',(#348),#233,.F.);
#2282=ADVANCED_FACE('',(#349),#234,.F.);
#2283=ADVANCED_FACE('',(#350),#235,.T.);
#2284=ADVANCED_FACE('',(#351),#236,.F.);
#2285=ADVANCED_FACE('',(#352),#237,.F.);
#2286=ADVANCED_FACE('',(#353),#2173,.T.);
#2287=ADVANCED_FACE('',(#354),#238,.F.);
#2288=ADVANCED_FACE('',(#355),#2174,.T.);
#2289=ADVANCED_FACE('',(#356),#239,.F.);
#2290=ADVANCED_FACE('',(#357),#2175,.T.);
#2291=ADVANCED_FACE('',(#358),#240,.F.);
#2292=ADVANCED_FACE('',(#359),#2176,.T.);
#2293=ADVANCED_FACE('',(#360),#241,.F.);
#2294=ADVANCED_FACE('',(#361),#2177,.T.);
#2295=ADVANCED_FACE('',(#362),#242,.F.);
#2296=ADVANCED_FACE('',(#363),#2178,.T.);
#2297=ADVANCED_FACE('',(#364),#243,.F.);
#2298=ADVANCED_FACE('',(#365),#2179,.T.);
#2299=ADVANCED_FACE('',(#366),#244,.F.);
#2300=ADVANCED_FACE('',(#367),#2180,.T.);
#2301=ADVANCED_FACE('',(#368),#245,.F.);
#2302=ADVANCED_FACE('',(#369),#246,.F.);
#2303=ADVANCED_FACE('',(#370),#2181,.T.);
#2304=ADVANCED_FACE('',(#371),#247,.T.);
#2305=ADVANCED_FACE('',(#372),#248,.T.);
#2306=ADVANCED_FACE('',(#373),#249,.T.);
#2307=ADVANCED_FACE('',(#374,#59,#60),#2182,.F.);
#2308=CLOSED_SHELL('',(#2183,#2184,#2185,#2186,#2187,#2188,#2189,#2190,
#2191,#2192,#2193,#2194,#2195,#2196,#2197,#2198,#2199,#2200,#2201,#2202,
#2203,#2204,#2205,#2206,#2207,#2208,#2209,#2210,#2211,#2212,#2213,#2214,
#2215,#2216,#2217,#2218,#2219,#2220,#2221,#2222,#2223));
#2309=CLOSED_SHELL('',(#2224,#2225,#2226,#2227,#2228,#2229,#2230,#2231,
#2232,#2233,#2234,#2235,#2236,#2237,#2238,#2239,#2240,#2241,#2242,#2243,
#2244,#2245,#2246,#2247,#2248,#2249,#2250,#2251,#2252,#2253,#2254,#2255,
#2256,#2257,#2258,#2259,#2260,#2261,#2262,#2263,#2264,#2265,#2266));
#2310=CLOSED_SHELL('',(#2267,#2268,#2269,#2270,#2271,#2272,#2273,#2274,
#2275,#2276,#2277,#2278,#2279,#2280,#2281,#2282,#2283,#2284,#2285,#2286,
#2287,#2288,#2289,#2290,#2291,#2292,#2293,#2294,#2295,#2296,#2297,#2298,
#2299,#2300,#2301,#2302,#2303,#2304,#2305,#2306,#2307));
#2311=DERIVED_UNIT_ELEMENT(#2313,1.);
#2312=DERIVED_UNIT_ELEMENT(#3940,-3.);
#2313=(
MASS_UNIT()
NAMED_UNIT(*)
SI_UNIT(.KILO.,.GRAM.)
);
#2314=DERIVED_UNIT((#2311,#2312));
#2315=MEASURE_REPRESENTATION_ITEM('density measure',
POSITIVE_RATIO_MEASURE(7850.),#2314);
#2316=PROPERTY_DEFINITION_REPRESENTATION(#2321,#2318);
#2317=PROPERTY_DEFINITION_REPRESENTATION(#2322,#2319);
#2318=REPRESENTATION('material name',(#2320),#3937);
#2319=REPRESENTATION('density',(#2315),#3937);
#2320=DESCRIPTIVE_REPRESENTATION_ITEM('\X2\94A2\X0\','\X2\94A2\X0\');
#2321=PROPERTY_DEFINITION('material property','material name',#3947);
#2322=PROPERTY_DEFINITION('material property','density of part',#3947);
#2323=AXIS2_PLACEMENT_3D('',#3278,#2575,#2576);
#2324=AXIS2_PLACEMENT_3D('',#3279,#2577,#2578);
#2325=AXIS2_PLACEMENT_3D('',#3288,#2583,#2584);
#2326=AXIS2_PLACEMENT_3D('',#3292,#2586,#2587);
#2327=AXIS2_PLACEMENT_3D('',#3295,#2589,#2590);
#2328=AXIS2_PLACEMENT_3D('',#3296,#2591,#2592);
#2329=AXIS2_PLACEMENT_3D('',#3300,#2594,#2595);
#2330=AXIS2_PLACEMENT_3D('',#3302,#2597,#2598);
#2331=AXIS2_PLACEMENT_3D('',#3307,#2601,#2602);
#2332=AXIS2_PLACEMENT_3D('',#3310,#2604,#2605);
#2333=AXIS2_PLACEMENT_3D('',#3315,#2607,#2608);
#2334=AXIS2_PLACEMENT_3D('',#3318,#2610,#2611);
#2335=AXIS2_PLACEMENT_3D('',#3323,#2613,#2614);
#2336=AXIS2_PLACEMENT_3D('',#3326,#2616,#2617);
#2337=AXIS2_PLACEMENT_3D('',#3331,#2619,#2620);
#2338=AXIS2_PLACEMENT_3D('',#3334,#2622,#2623);
#2339=AXIS2_PLACEMENT_3D('',#3339,#2625,#2626);
#2340=AXIS2_PLACEMENT_3D('',#3342,#2628,#2629);
#2341=AXIS2_PLACEMENT_3D('',#3343,#2630,#2631);
#2342=AXIS2_PLACEMENT_3D('',#3345,#2632,#2633);
#2343=AXIS2_PLACEMENT_3D('',#3349,#2635,#2636);
#2344=AXIS2_PLACEMENT_3D('',#3355,#2639,#2640);
#2345=AXIS2_PLACEMENT_3D('',#3358,#2642,#2643);
#2346=AXIS2_PLACEMENT_3D('',#3363,#2645,#2646);
#2347=AXIS2_PLACEMENT_3D('',#3366,#2648,#2649);
#2348=AXIS2_PLACEMENT_3D('',#3371,#2651,#2652);
#2349=AXIS2_PLACEMENT_3D('',#3374,#2654,#2655);
#2350=AXIS2_PLACEMENT_3D('',#3379,#2657,#2658);
#2351=AXIS2_PLACEMENT_3D('',#3382,#2660,#2661);
#2352=AXIS2_PLACEMENT_3D('',#3383,#2662,#2663);
#2353=AXIS2_PLACEMENT_3D('',#3389,#2667,#2668);
#2354=AXIS2_PLACEMENT_3D('',#3395,#2671,#2672);
#2355=AXIS2_PLACEMENT_3D('',#3397,#2673,#2674);
#2356=AXIS2_PLACEMENT_3D('',#3399,#2675,#2676);
#2357=AXIS2_PLACEMENT_3D('',#3402,#2678,#2679);
#2358=AXIS2_PLACEMENT_3D('',#3405,#2680,#2681);
#2359=AXIS2_PLACEMENT_3D('',#3407,#2682,#2683);
#2360=AXIS2_PLACEMENT_3D('',#3409,#2684,#2685);
#2361=AXIS2_PLACEMENT_3D('',#3410,#2686,#2687);
#2362=AXIS2_PLACEMENT_3D('',#3412,#2688,#2689);
#2363=AXIS2_PLACEMENT_3D('',#3413,#2690,#2691);
#2364=AXIS2_PLACEMENT_3D('',#3415,#2693,#2694);
#2365=AXIS2_PLACEMENT_3D('',#3416,#2695,#2696);
#2366=AXIS2_PLACEMENT_3D('',#3419,#2699,#2700);
#2367=AXIS2_PLACEMENT_3D('',#3420,#2701,#2702);
#2368=AXIS2_PLACEMENT_3D('',#3421,#2703,#2704);
#2369=AXIS2_PLACEMENT_3D('',#3423,#2706,#2707);
#2370=AXIS2_PLACEMENT_3D('',#3427,#2710,#2711);
#2371=AXIS2_PLACEMENT_3D('',#3428,#2712,#2713);
#2372=AXIS2_PLACEMENT_3D('',#3431,#2714,#2715);
#2373=AXIS2_PLACEMENT_3D('',#3434,#2718,#2719);
#2374=AXIS2_PLACEMENT_3D('',#3436,#2720,#2721);
#2375=AXIS2_PLACEMENT_3D('',#3438,#2723,#2724);
#2376=AXIS2_PLACEMENT_3D('',#3440,#2725,#2726);
#2377=AXIS2_PLACEMENT_3D('',#3442,#2728,#2729);
#2378=AXIS2_PLACEMENT_3D('',#3443,#2730,#2731);
#2379=AXIS2_PLACEMENT_3D('',#3444,#2732,#2733);
#2380=AXIS2_PLACEMENT_3D('',#3447,#2736,#2737);
#2381=AXIS2_PLACEMENT_3D('',#3449,#2739,#2740);
#2382=AXIS2_PLACEMENT_3D('',#3451,#2742,#2743);
#2383=AXIS2_PLACEMENT_3D('',#3452,#2744,#2745);
#2384=AXIS2_PLACEMENT_3D('',#3455,#2748,#2749);
#2385=AXIS2_PLACEMENT_3D('',#3457,#2751,#2752);
#2386=AXIS2_PLACEMENT_3D('',#3459,#2754,#2755);
#2387=AXIS2_PLACEMENT_3D('',#3460,#2756,#2757);
#2388=AXIS2_PLACEMENT_3D('',#3463,#2760,#2761);
#2389=AXIS2_PLACEMENT_3D('',#3465,#2763,#2764);
#2390=AXIS2_PLACEMENT_3D('',#3467,#2766,#2767);
#2391=AXIS2_PLACEMENT_3D('',#3468,#2768,#2769);
#2392=AXIS2_PLACEMENT_3D('',#3471,#2772,#2773);
#2393=AXIS2_PLACEMENT_3D('',#3473,#2775,#2776);
#2394=AXIS2_PLACEMENT_3D('',#3475,#2778,#2779);
#2395=AXIS2_PLACEMENT_3D('',#3476,#2780,#2781);
#2396=AXIS2_PLACEMENT_3D('',#3479,#2783,#2784);
#2397=AXIS2_PLACEMENT_3D('',#3480,#2785,#2786);
#2398=AXIS2_PLACEMENT_3D('',#3486,#2790,#2791);
#2399=AXIS2_PLACEMENT_3D('',#3488,#2792,#2793);
#2400=AXIS2_PLACEMENT_3D('',#3490,#2795,#2796);
#2401=AXIS2_PLACEMENT_3D('',#3492,#2797,#2798);
#2402=AXIS2_PLACEMENT_3D('',#3494,#2800,#2801);
#2403=AXIS2_PLACEMENT_3D('',#3495,#2802,#2803);
#2404=AXIS2_PLACEMENT_3D('',#3496,#2804,#2805);
#2405=AXIS2_PLACEMENT_3D('',#3497,#2806,#2807);
#2406=AXIS2_PLACEMENT_3D('',#3498,#2808,#2809);
#2407=AXIS2_PLACEMENT_3D('',#3499,#2810,#2811);
#2408=AXIS2_PLACEMENT_3D('',#3508,#2816,#2817);
#2409=AXIS2_PLACEMENT_3D('',#3512,#2819,#2820);
#2410=AXIS2_PLACEMENT_3D('',#3515,#2822,#2823);
#2411=AXIS2_PLACEMENT_3D('',#3516,#2824,#2825);
#2412=AXIS2_PLACEMENT_3D('',#3520,#2827,#2828);
#2413=AXIS2_PLACEMENT_3D('',#3522,#2830,#2831);
#2414=AXIS2_PLACEMENT_3D('',#3527,#2834,#2835);
#2415=AXIS2_PLACEMENT_3D('',#3531,#2837,#2838);
#2416=AXIS2_PLACEMENT_3D('',#3535,#2840,#2841);
#2417=AXIS2_PLACEMENT_3D('',#3538,#2843,#2844);
#2418=AXIS2_PLACEMENT_3D('',#3540,#2845,#2846);
#2419=AXIS2_PLACEMENT_3D('',#3542,#2847,#2848);
#2420=AXIS2_PLACEMENT_3D('',#3543,#2849,#2850);
#2421=AXIS2_PLACEMENT_3D('',#3545,#2851,#2852);
#2422=AXIS2_PLACEMENT_3D('',#3549,#2854,#2855);
#2423=AXIS2_PLACEMENT_3D('',#3553,#2857,#2858);
#2424=AXIS2_PLACEMENT_3D('',#3557,#2860,#2861);
#2425=AXIS2_PLACEMENT_3D('',#3560,#2863,#2864);
#2426=AXIS2_PLACEMENT_3D('',#3562,#2865,#2866);
#2427=AXIS2_PLACEMENT_3D('',#3563,#2867,#2868);
#2428=AXIS2_PLACEMENT_3D('',#3569,#2872,#2873);
#2429=AXIS2_PLACEMENT_3D('',#3576,#2877,#2878);
#2430=AXIS2_PLACEMENT_3D('',#3578,#2879,#2880);
#2431=AXIS2_PLACEMENT_3D('',#3580,#2881,#2882);
#2432=AXIS2_PLACEMENT_3D('',#3582,#2883,#2884);
#2433=AXIS2_PLACEMENT_3D('',#3584,#2885,#2886);
#2434=AXIS2_PLACEMENT_3D('',#3585,#2887,#2888);
#2435=AXIS2_PLACEMENT_3D('',#3587,#2890,#2891);
#2436=AXIS2_PLACEMENT_3D('',#3588,#2892,#2893);
#2437=AXIS2_PLACEMENT_3D('',#3597,#2898,#2899);
#2438=AXIS2_PLACEMENT_3D('',#3600,#2901,#2902);
#2439=AXIS2_PLACEMENT_3D('',#3601,#2903,#2904);
#2440=AXIS2_PLACEMENT_3D('',#3602,#2905,#2906);
#2441=AXIS2_PLACEMENT_3D('',#3605,#2908,#2909);
#2442=AXIS2_PLACEMENT_3D('',#3606,#2910,#2911);
#2443=AXIS2_PLACEMENT_3D('',#3611,#2914,#2915);
#2444=AXIS2_PLACEMENT_3D('',#3615,#2917,#2918);
#2445=AXIS2_PLACEMENT_3D('',#3619,#2920,#2921);
#2446=AXIS2_PLACEMENT_3D('',#3622,#2923,#2924);
#2447=AXIS2_PLACEMENT_3D('',#3624,#2925,#2926);
#2448=AXIS2_PLACEMENT_3D('',#3626,#2927,#2928);
#2449=AXIS2_PLACEMENT_3D('',#3627,#2929,#2930);
#2450=AXIS2_PLACEMENT_3D('',#3629,#2931,#2932);
#2451=AXIS2_PLACEMENT_3D('',#3633,#2934,#2935);
#2452=AXIS2_PLACEMENT_3D('',#3637,#2937,#2938);
#2453=AXIS2_PLACEMENT_3D('',#3641,#2940,#2941);
#2454=AXIS2_PLACEMENT_3D('',#3644,#2943,#2944);
#2455=AXIS2_PLACEMENT_3D('',#3646,#2945,#2946);
#2456=AXIS2_PLACEMENT_3D('',#3647,#2947,#2948);
#2457=AXIS2_PLACEMENT_3D('',#3649,#2950,#2951);
#2458=AXIS2_PLACEMENT_3D('',#3654,#2954,#2955);
#2459=AXIS2_PLACEMENT_3D('',#3656,#2956,#2957);
#2460=AXIS2_PLACEMENT_3D('',#3658,#2958,#2959);
#2461=AXIS2_PLACEMENT_3D('',#3660,#2960,#2961);
#2462=AXIS2_PLACEMENT_3D('',#3662,#2962,#2963);
#2463=AXIS2_PLACEMENT_3D('',#3663,#2964,#2965);
#2464=AXIS2_PLACEMENT_3D('',#3665,#2967,#2968);
#2465=AXIS2_PLACEMENT_3D('',#3666,#2969,#2970);
#2466=AXIS2_PLACEMENT_3D('',#3668,#2972,#2973);
#2467=AXIS2_PLACEMENT_3D('',#3670,#2975,#2976);
#2468=AXIS2_PLACEMENT_3D('',#3672,#2978,#2979);
#2469=AXIS2_PLACEMENT_3D('',#3674,#2981,#2982);
#2470=AXIS2_PLACEMENT_3D('',#3676,#2984,#2985);
#2471=AXIS2_PLACEMENT_3D('',#3678,#2987,#2988);
#2472=AXIS2_PLACEMENT_3D('',#3680,#2990,#2991);
#2473=AXIS2_PLACEMENT_3D('',#3682,#2993,#2994);
#2474=AXIS2_PLACEMENT_3D('',#3684,#2996,#2997);
#2475=AXIS2_PLACEMENT_3D('',#3685,#2998,#2999);
#2476=AXIS2_PLACEMENT_3D('',#3687,#3001,#3002);
#2477=AXIS2_PLACEMENT_3D('',#3689,#3004,#3005);
#2478=AXIS2_PLACEMENT_3D('',#3691,#3007,#3008);
#2479=AXIS2_PLACEMENT_3D('',#3693,#3010,#3011);
#2480=AXIS2_PLACEMENT_3D('',#3695,#3013,#3014);
#2481=AXIS2_PLACEMENT_3D('',#3697,#3016,#3017);
#2482=AXIS2_PLACEMENT_3D('',#3698,#3018,#3019);
#2483=AXIS2_PLACEMENT_3D('',#3700,#3021,#3022);
#2484=AXIS2_PLACEMENT_3D('',#3702,#3024,#3025);
#2485=AXIS2_PLACEMENT_3D('',#3704,#3027,#3028);
#2486=AXIS2_PLACEMENT_3D('',#3706,#3030,#3031);
#2487=AXIS2_PLACEMENT_3D('',#3708,#3033,#3034);
#2488=AXIS2_PLACEMENT_3D('',#3710,#3036,#3037);
#2489=AXIS2_PLACEMENT_3D('',#3712,#3039,#3040);
#2490=AXIS2_PLACEMENT_3D('',#3713,#3041,#3042);
#2491=AXIS2_PLACEMENT_3D('',#3714,#3043,#3044);
#2492=AXIS2_PLACEMENT_3D('',#3715,#3045,#3046);
#2493=AXIS2_PLACEMENT_3D('',#3724,#3051,#3052);
#2494=AXIS2_PLACEMENT_3D('',#3728,#3054,#3055);
#2495=AXIS2_PLACEMENT_3D('',#3731,#3057,#3058);
#2496=AXIS2_PLACEMENT_3D('',#3732,#3059,#3060);
#2497=AXIS2_PLACEMENT_3D('',#3736,#3062,#3063);
#2498=AXIS2_PLACEMENT_3D('',#3738,#3065,#3066);
#2499=AXIS2_PLACEMENT_3D('',#3743,#3069,#3070);
#2500=AXIS2_PLACEMENT_3D('',#3746,#3072,#3073);
#2501=AXIS2_PLACEMENT_3D('',#3751,#3075,#3076);
#2502=AXIS2_PLACEMENT_3D('',#3754,#3078,#3079);
#2503=AXIS2_PLACEMENT_3D('',#3759,#3081,#3082);
#2504=AXIS2_PLACEMENT_3D('',#3762,#3084,#3085);
#2505=AXIS2_PLACEMENT_3D('',#3767,#3087,#3088);
#2506=AXIS2_PLACEMENT_3D('',#3770,#3090,#3091);
#2507=AXIS2_PLACEMENT_3D('',#3775,#3093,#3094);
#2508=AXIS2_PLACEMENT_3D('',#3778,#3096,#3097);
#2509=AXIS2_PLACEMENT_3D('',#3779,#3098,#3099);
#2510=AXIS2_PLACEMENT_3D('',#3781,#3100,#3101);
#2511=AXIS2_PLACEMENT_3D('',#3785,#3103,#3104);
#2512=AXIS2_PLACEMENT_3D('',#3791,#3107,#3108);
#2513=AXIS2_PLACEMENT_3D('',#3794,#3110,#3111);
#2514=AXIS2_PLACEMENT_3D('',#3799,#3113,#3114);
#2515=AXIS2_PLACEMENT_3D('',#3802,#3116,#3117);
#2516=AXIS2_PLACEMENT_3D('',#3807,#3119,#3120);
#2517=AXIS2_PLACEMENT_3D('',#3810,#3122,#3123);
#2518=AXIS2_PLACEMENT_3D('',#3815,#3125,#3126);
#2519=AXIS2_PLACEMENT_3D('',#3818,#3128,#3129);
#2520=AXIS2_PLACEMENT_3D('',#3819,#3130,#3131);
#2521=AXIS2_PLACEMENT_3D('',#3825,#3135,#3136);
#2522=AXIS2_PLACEMENT_3D('',#3831,#3139,#3140);
#2523=AXIS2_PLACEMENT_3D('',#3835,#3142,#3143);
#2524=AXIS2_PLACEMENT_3D('',#3837,#3144,#3145);
#2525=AXIS2_PLACEMENT_3D('',#3838,#3146,#3147);
#2526=AXIS2_PLACEMENT_3D('',#3841,#3148,#3149);
#2527=AXIS2_PLACEMENT_3D('',#3843,#3150,#3151);
#2528=AXIS2_PLACEMENT_3D('',#3845,#3152,#3153);
#2529=AXIS2_PLACEMENT_3D('',#3846,#3154,#3155);
#2530=AXIS2_PLACEMENT_3D('',#3848,#3156,#3157);
#2531=AXIS2_PLACEMENT_3D('',#3849,#3158,#3159);
#2532=AXIS2_PLACEMENT_3D('',#3851,#3161,#3162);
#2533=AXIS2_PLACEMENT_3D('',#3852,#3163,#3164);
#2534=AXIS2_PLACEMENT_3D('',#3855,#3167,#3168);
#2535=AXIS2_PLACEMENT_3D('',#3856,#3169,#3170);
#2536=AXIS2_PLACEMENT_3D('',#3857,#3171,#3172);
#2537=AXIS2_PLACEMENT_3D('',#3859,#3174,#3175);
#2538=AXIS2_PLACEMENT_3D('',#3863,#3178,#3179);
#2539=AXIS2_PLACEMENT_3D('',#3864,#3180,#3181);
#2540=AXIS2_PLACEMENT_3D('',#3867,#3182,#3183);
#2541=AXIS2_PLACEMENT_3D('',#3870,#3186,#3187);
#2542=AXIS2_PLACEMENT_3D('',#3872,#3188,#3189);
#2543=AXIS2_PLACEMENT_3D('',#3874,#3191,#3192);
#2544=AXIS2_PLACEMENT_3D('',#3876,#3193,#3194);
#2545=AXIS2_PLACEMENT_3D('',#3878,#3196,#3197);
#2546=AXIS2_PLACEMENT_3D('',#3879,#3198,#3199);
#2547=AXIS2_PLACEMENT_3D('',#3880,#3200,#3201);
#2548=AXIS2_PLACEMENT_3D('',#3883,#3204,#3205);
#2549=AXIS2_PLACEMENT_3D('',#3885,#3207,#3208);
#2550=AXIS2_PLACEMENT_3D('',#3887,#3210,#3211);
#2551=AXIS2_PLACEMENT_3D('',#3888,#3212,#3213);
#2552=AXIS2_PLACEMENT_3D('',#3891,#3216,#3217);
#2553=AXIS2_PLACEMENT_3D('',#3893,#3219,#3220);
#2554=AXIS2_PLACEMENT_3D('',#3895,#3222,#3223);
#2555=AXIS2_PLACEMENT_3D('',#3896,#3224,#3225);
#2556=AXIS2_PLACEMENT_3D('',#3899,#3228,#3229);
#2557=AXIS2_PLACEMENT_3D('',#3901,#3231,#3232);
#2558=AXIS2_PLACEMENT_3D('',#3903,#3234,#3235);
#2559=AXIS2_PLACEMENT_3D('',#3904,#3236,#3237);
#2560=AXIS2_PLACEMENT_3D('',#3907,#3240,#3241);
#2561=AXIS2_PLACEMENT_3D('',#3909,#3243,#3244);
#2562=AXIS2_PLACEMENT_3D('',#3911,#3246,#3247);
#2563=AXIS2_PLACEMENT_3D('',#3912,#3248,#3249);
#2564=AXIS2_PLACEMENT_3D('',#3915,#3251,#3252);
#2565=AXIS2_PLACEMENT_3D('',#3916,#3253,#3254);
#2566=AXIS2_PLACEMENT_3D('',#3919,#3255,#3256);
#2567=AXIS2_PLACEMENT_3D('',#3922,#3259,#3260);
#2568=AXIS2_PLACEMENT_3D('',#3926,#3263,#3264);
#2569=AXIS2_PLACEMENT_3D('',#3927,#3265,#3266);
#2570=AXIS2_PLACEMENT_3D('',#3928,#3267,#3268);
#2571=AXIS2_PLACEMENT_3D('',#3930,#3269,#3270);
#2572=AXIS2_PLACEMENT_3D('',#3932,#3272,#3273);
#2573=AXIS2_PLACEMENT_3D('',#3933,#3274,#3275);
#2574=AXIS2_PLACEMENT_3D('',#3934,#3276,#3277);
#2575=DIRECTION('axis',(0.,0.,1.));
#2576=DIRECTION('refdir',(1.,0.,0.));
#2577=DIRECTION('center_axis',(-1.,-1.30571705786086E-30,7.61295788314487E-16));
#2578=DIRECTION('ref_axis',(-7.61295788314487E-16,1.71512449944288E-15,
-1.));
#2579=DIRECTION('',(0.,-1.,-1.71512449944288E-15));
#2580=DIRECTION('',(-7.61295788314487E-16,1.71512449944288E-15,-1.));
#2581=DIRECTION('',(0.,-1.,-1.71512449944288E-15));
#2582=DIRECTION('',(-7.61295788314487E-16,1.71512449944288E-15,-1.));
#2583=DIRECTION('center_axis',(1.,0.,0.));
#2584=DIRECTION('ref_axis',(0.,0.,-1.));
#2585=DIRECTION('',(-1.,0.,0.));
#2586=DIRECTION('center_axis',(1.,0.,0.));
#2587=DIRECTION('ref_axis',(0.,0.,-1.));
#2588=DIRECTION('',(-1.,0.,0.));
#2589=DIRECTION('center_axis',(-1.,0.,0.));
#2590=DIRECTION('ref_axis',(0.,1.,1.66533453693773E-15));
#2591=DIRECTION('center_axis',(1.,0.,0.));
#2592=DIRECTION('ref_axis',(0.,0.,-1.));
#2593=DIRECTION('',(0.,1.,1.71512449944288E-15));
#2594=DIRECTION('center_axis',(1.,0.,0.));
#2595=DIRECTION('ref_axis',(0.,0.,-1.));
#2596=DIRECTION('',(0.,0.,-1.));
#2597=DIRECTION('center_axis',(0.,-1.,-1.71512449944288E-15));
#2598=DIRECTION('ref_axis',(1.,0.,0.));
#2599=DIRECTION('',(1.,0.,0.));
#2600=DIRECTION('',(0.,-1.71512449944288E-15,1.));
#2601=DIRECTION('center_axis',(0.,1.,1.71512449944288E-15));
#2602=DIRECTION('ref_axis',(0.707106781186551,-1.21277616413524E-15,0.707106781186544));
#2603=DIRECTION('',(1.,0.,0.));
#2604=DIRECTION('center_axis',(0.,1.,1.71512449944288E-15));
#2605=DIRECTION('ref_axis',(-0.707106781186547,-1.21277616413525E-15,0.707106781186548));
#2606=DIRECTION('',(1.,0.,0.));
#2607=DIRECTION('center_axis',(0.,1.,1.71512449944288E-15));
#2608=DIRECTION('ref_axis',(0.,1.71512449944288E-15,-1.));
#2609=DIRECTION('',(-1.,-1.26069233172756E-29,7.35044209406995E-15));
#2610=DIRECTION('center_axis',(0.,1.,1.71512449944288E-15));
#2611=DIRECTION('ref_axis',(0.,-1.71512449944288E-15,1.));
#2612=DIRECTION('',(1.,0.,0.));
#2613=DIRECTION('center_axis',(0.,1.,1.71512449944288E-15));
#2614=DIRECTION('ref_axis',(-2.44249065417535E-14,1.71512449944288E-15,
-1.));
#2615=DIRECTION('',(-1.,4.20230777242527E-30,-2.45014736469002E-15));
#2616=DIRECTION('center_axis',(0.,1.,1.71512449944288E-15));
#2617=DIRECTION('ref_axis',(2.99760216648791E-14,-1.71512449944288E-15,
1.));
#2618=DIRECTION('',(1.,-1.26069233172757E-29,7.35044209407E-15));
#2619=DIRECTION('center_axis',(0.,1.,1.71512449944288E-15));
#2620=DIRECTION('ref_axis',(-2.66453525910039E-14,1.71512449944288E-15,
-1.));
#2621=DIRECTION('',(-1.,0.,0.));
#2622=DIRECTION('center_axis',(0.,1.,1.71512449944288E-15));
#2623=DIRECTION('ref_axis',(4.88498130835066E-14,-1.71512449944288E-15,
1.));
#2624=DIRECTION('',(1.,0.,0.));
#2625=DIRECTION('center_axis',(0.,1.,1.71512449944288E-15));
#2626=DIRECTION('ref_axis',(0.,1.71512449944288E-15,-1.));
#2627=DIRECTION('',(-1.,0.,0.));
#2628=DIRECTION('center_axis',(0.,1.,1.71512449944288E-15));
#2629=DIRECTION('ref_axis',(0.,-1.71512449944288E-15,1.));
#2630=DIRECTION('center_axis',(0.,-1.,-1.71512449944288E-15));
#2631=DIRECTION('ref_axis',(1.,0.,0.));
#2632=DIRECTION('center_axis',(0.,-1.,-1.71512449944288E-15));
#2633=DIRECTION('ref_axis',(-0.707106781186547,-1.21277616413525E-15,0.707106781186548));
#2634=DIRECTION('',(1.,0.,0.));
#2635=DIRECTION('center_axis',(0.,-1.,-1.71512449944288E-15));
#2636=DIRECTION('ref_axis',(0.707106781186551,-1.21277616413524E-15,0.707106781186544));
#2637=DIRECTION('',(0.,-1.71512449944288E-15,1.));
#2638=DIRECTION('',(1.,0.,0.));
#2639=DIRECTION('center_axis',(0.,-1.,-1.71512449944288E-15));
#2640=DIRECTION('ref_axis',(0.,-1.71512449944288E-15,1.));
#2641=DIRECTION('',(-1.,-1.26069233172756E-29,7.35044209406995E-15));
#2642=DIRECTION('center_axis',(0.,-1.,-1.71512449944288E-15));
#2643=DIRECTION('ref_axis',(0.,1.71512449944288E-15,-1.));
#2644=DIRECTION('',(1.,0.,0.));
#2645=DIRECTION('center_axis',(0.,-1.,-1.71512449944288E-15));
#2646=DIRECTION('ref_axis',(2.99760216648791E-14,-1.71512449944288E-15,
1.));
#2647=DIRECTION('',(-1.,4.20230777242527E-30,-2.45014736469002E-15));
#2648=DIRECTION('center_axis',(0.,-1.,-1.71512449944288E-15));
#2649=DIRECTION('ref_axis',(-2.44249065417535E-14,1.71512449944288E-15,
-1.));
#2650=DIRECTION('',(1.,-1.26069233172757E-29,7.35044209407E-15));
#2651=DIRECTION('center_axis',(0.,-1.,-1.71512449944288E-15));
#2652=DIRECTION('ref_axis',(4.88498130835066E-14,-1.71512449944288E-15,
1.));
#2653=DIRECTION('',(-1.,0.,0.));
#2654=DIRECTION('center_axis',(0.,-1.,-1.71512449944288E-15));
#2655=DIRECTION('ref_axis',(-2.66453525910039E-14,1.71512449944288E-15,
-1.));
#2656=DIRECTION('',(1.,0.,0.));
#2657=DIRECTION('center_axis',(0.,-1.,-1.71512449944288E-15));
#2658=DIRECTION('ref_axis',(0.,-1.71512449944288E-15,1.));
#2659=DIRECTION('',(-1.,0.,0.));
#2660=DIRECTION('center_axis',(0.,-1.,-1.71512449944288E-15));
#2661=DIRECTION('ref_axis',(0.,1.71512449944288E-15,-1.));
#2662=DIRECTION('center_axis',(1.,0.,0.));
#2663=DIRECTION('ref_axis',(0.,1.,0.));
#2664=DIRECTION('',(0.,1.,0.));
#2665=DIRECTION('',(0.,0.,1.));
#2666=DIRECTION('',(0.,1.,0.));
#2667=DIRECTION('center_axis',(0.,0.,1.));
#2668=DIRECTION('ref_axis',(1.,0.,0.));
#2669=DIRECTION('',(1.,0.,0.));
#2670=DIRECTION('',(-7.61295788314487E-16,-1.,0.));
#2671=DIRECTION('center_axis',(0.,0.,1.));
#2672=DIRECTION('ref_axis',(-0.998948127904547,0.045854528195151,0.));
#2673=DIRECTION('center_axis',(0.,0.,1.));
#2674=DIRECTION('ref_axis',(-0.842185981681825,-0.539187140294185,0.));
#2675=DIRECTION('center_axis',(0.,0.,-1.));
#2676=DIRECTION('ref_axis',(-0.00670367601942904,0.999977530111465,0.));
#2677=DIRECTION('',(1.,-6.02299100341173E-16,0.));
#2678=DIRECTION('center_axis',(0.,0.,1.));
#2679=DIRECTION('ref_axis',(0.,-1.,0.));
#2680=DIRECTION('center_axis',(0.,0.,1.));
#2681=DIRECTION('ref_axis',(-0.999999683080919,-0.000796139473828968,0.));
#2682=DIRECTION('center_axis',(0.,0.,-1.));
#2683=DIRECTION('ref_axis',(-0.939692620785973,-0.342020143325492,0.));
#2684=DIRECTION('center_axis',(0.,0.,-1.));
#2685=DIRECTION('ref_axis',(-0.999878653905492,0.0155781084904662,0.));
#2686=DIRECTION('center_axis',(0.,0.,-1.));
#2687=DIRECTION('ref_axis',(1.,2.56822675575934E-14,0.));
#2688=DIRECTION('center_axis',(0.,0.,-1.));
#2689=DIRECTION('ref_axis',(1.,0.,0.));
#2690=DIRECTION('center_axis',(-1.,0.,0.));
#2691=DIRECTION('ref_axis',(0.,0.,1.));
#2692=DIRECTION('',(0.,0.,1.));
#2693=DIRECTION('center_axis',(-1.,0.,0.));
#2694=DIRECTION('ref_axis',(0.,1.,1.66533453693774E-15));
#2695=DIRECTION('center_axis',(0.,1.,1.71512449944288E-15));
#2696=DIRECTION('ref_axis',(0.707106781186551,-1.21277616413524E-15,0.707106781186544));
#2697=DIRECTION('',(0.,-1.,-1.71512449944288E-15));
#2698=DIRECTION('',(0.,1.,1.71512449944288E-15));
#2699=DIRECTION('center_axis',(1.,0.,0.));
#2700=DIRECTION('ref_axis',(0.,-1.71512449944288E-15,1.));
#2701=DIRECTION('center_axis',(1.,0.,0.));
#2702=DIRECTION('ref_axis',(0.,0.,-1.));
#2703=DIRECTION('center_axis',(0.,1.,1.71512449944288E-15));
#2704=DIRECTION('ref_axis',(-0.707106781186547,-1.21277616413525E-15,0.707106781186548));
#2705=DIRECTION('',(0.,1.,1.71512449944288E-15));
#2706=DIRECTION('center_axis',(-1.,7.61295788314487E-16,0.));
#2707=DIRECTION('ref_axis',(-7.61295788314487E-16,-1.,0.));
#2708=DIRECTION('',(-7.61295788314487E-16,-1.,0.));
#2709=DIRECTION('',(0.,0.,1.));
#2710=DIRECTION('center_axis',(0.,-1.71512449944288E-15,1.));
#2711=DIRECTION('ref_axis',(-1.,0.,0.));
#2712=DIRECTION('center_axis',(0.,0.,1.));
#2713=DIRECTION('ref_axis',(1.,2.56822675575934E-14,0.));
#2714=DIRECTION('center_axis',(0.,0.,1.));
#2715=DIRECTION('ref_axis',(1.,2.56822675575934E-14,0.));
#2716=DIRECTION('',(0.,0.,1.));
#2717=DIRECTION('',(0.,0.,1.));
#2718=DIRECTION('center_axis',(0.,0.,1.));
#2719=DIRECTION('ref_axis',(-0.999878653905492,0.0155781084904662,0.));
#2720=DIRECTION('center_axis',(0.,0.,1.));
#2721=DIRECTION('ref_axis',(-0.999878653905492,0.0155781084904662,0.));
#2722=DIRECTION('',(0.,0.,1.));
#2723=DIRECTION('center_axis',(0.,0.,1.));
#2724=DIRECTION('ref_axis',(-0.939692620785973,-0.342020143325492,0.));
#2725=DIRECTION('center_axis',(0.,0.,1.));
#2726=DIRECTION('ref_axis',(-0.939692620785973,-0.342020143325492,0.));
#2727=DIRECTION('',(0.,0.,1.));
#2728=DIRECTION('center_axis',(0.,0.,1.));
#2729=DIRECTION('ref_axis',(-0.999999683080919,-0.000796139473828968,0.));
#2730=DIRECTION('center_axis',(0.,0.,1.));
#2731=DIRECTION('ref_axis',(-0.999999683080919,-0.000796139473828968,0.));
#2732=DIRECTION('center_axis',(0.,-1.,-1.71512449944288E-15));
#2733=DIRECTION('ref_axis',(0.,-1.71512449944288E-15,1.));
#2734=DIRECTION('',(0.,-1.,-1.71512449944288E-15));
#2735=DIRECTION('',(0.,-1.,-1.71512449944288E-15));
#2736=DIRECTION('center_axis',(7.35044209406995E-15,-1.71512449944288E-15,
1.));
#2737=DIRECTION('ref_axis',(-1.,-1.26069233172756E-29,7.35044209406995E-15));
#2738=DIRECTION('',(0.,-1.,-1.71512449944288E-15));
#2739=DIRECTION('center_axis',(0.,-1.,-1.71512449944288E-15));
#2740=DIRECTION('ref_axis',(0.,1.71512449944288E-15,-1.));
#2741=DIRECTION('',(0.,-1.,-1.71512449944288E-15));
#2742=DIRECTION('center_axis',(0.,1.71512449944288E-15,-1.));
#2743=DIRECTION('ref_axis',(1.,0.,0.));
#2744=DIRECTION('center_axis',(0.,-1.,-1.71512449944288E-15));
#2745=DIRECTION('ref_axis',(2.99760216648791E-14,-1.71512449944288E-15,
1.));
#2746=DIRECTION('',(0.,-1.,-1.71512449944288E-15));
#2747=DIRECTION('',(0.,-1.,-1.71512449944288E-15));
#2748=DIRECTION('center_axis',(-2.45014736469002E-15,-1.71512449944288E-15,
1.));
#2749=DIRECTION('ref_axis',(-1.,4.20230777242527E-30,-2.45014736469002E-15));
#2750=DIRECTION('',(0.,-1.,-1.71512449944288E-15));
#2751=DIRECTION('center_axis',(0.,-1.,-1.71512449944288E-15));
#2752=DIRECTION('ref_axis',(-2.44249065417535E-14,1.71512449944288E-15,
-1.));
#2753=DIRECTION('',(0.,-1.,-1.71512449944288E-15));
#2754=DIRECTION('center_axis',(0.,1.71512449944288E-15,-1.));
#2755=DIRECTION('ref_axis',(1.,0.,0.));
#2756=DIRECTION('center_axis',(0.,-1.,-1.71512449944288E-15));
#2757=DIRECTION('ref_axis',(4.88498130835066E-14,-1.71512449944288E-15,
1.));
#2758=DIRECTION('',(0.,-1.,-1.71512449944288E-15));
#2759=DIRECTION('',(0.,-1.,-1.71512449944288E-15));
#2760=DIRECTION('center_axis',(0.,-1.71512449944288E-15,1.));
#2761=DIRECTION('ref_axis',(-1.,0.,0.));
#2762=DIRECTION('',(0.,-1.,-1.71512449944288E-15));
#2763=DIRECTION('center_axis',(0.,-1.,-1.71512449944288E-15));
#2764=DIRECTION('ref_axis',(-2.66453525910039E-14,1.71512449944288E-15,
-1.));
#2765=DIRECTION('',(0.,-1.,-1.71512449944288E-15));
#2766=DIRECTION('center_axis',(7.35044209407E-15,1.71512449944288E-15,-1.));
#2767=DIRECTION('ref_axis',(1.,-1.26069233172757E-29,7.35044209407E-15));
#2768=DIRECTION('center_axis',(0.,-1.,-1.71512449944288E-15));
#2769=DIRECTION('ref_axis',(0.,-1.71512449944288E-15,1.));
#2770=DIRECTION('',(0.,-1.,-1.71512449944288E-15));
#2771=DIRECTION('',(0.,-1.,-1.71512449944288E-15));
#2772=DIRECTION('center_axis',(0.,-1.71512449944288E-15,1.));
#2773=DIRECTION('ref_axis',(-1.,0.,0.));
#2774=DIRECTION('',(0.,-1.,-1.71512449944288E-15));
#2775=DIRECTION('center_axis',(0.,-1.,-1.71512449944288E-15));
#2776=DIRECTION('ref_axis',(0.,1.71512449944288E-15,-1.));
#2777=DIRECTION('',(0.,-1.,-1.71512449944288E-15));
#2778=DIRECTION('center_axis',(0.,1.71512449944288E-15,-1.));
#2779=DIRECTION('ref_axis',(1.,0.,0.));
#2780=DIRECTION('center_axis',(0.,0.,1.));
#2781=DIRECTION('ref_axis',(1.,0.,0.));
#2782=DIRECTION('',(0.,0.,-1.));
#2783=DIRECTION('center_axis',(0.,0.,1.));
#2784=DIRECTION('ref_axis',(1.,0.,0.));
#2785=DIRECTION('center_axis',(-6.02299100341173E-16,-1.,0.));
#2786=DIRECTION('ref_axis',(1.,-6.02299100341173E-16,0.));
#2787=DIRECTION('',(-1.,6.02299100341173E-16,0.));
#2788=DIRECTION('',(0.,0.,1.));
#2789=DIRECTION('',(0.,0.,1.));
#2790=DIRECTION('center_axis',(0.,0.,1.));
#2791=DIRECTION('ref_axis',(-0.00670367601942904,0.999977530111465,0.));
#2792=DIRECTION('center_axis',(0.,0.,1.));
#2793=DIRECTION('ref_axis',(-0.00670367601942904,0.999977530111465,0.));
#2794=DIRECTION('',(0.,0.,1.));
#2795=DIRECTION('center_axis',(0.,0.,1.));
#2796=DIRECTION('ref_axis',(-0.842185981681825,-0.539187140294185,0.));
#2797=DIRECTION('center_axis',(0.,0.,1.));
#2798=DIRECTION('ref_axis',(-0.842185981681825,-0.539187140294185,0.));
#2799=DIRECTION('',(0.,0.,1.));
#2800=DIRECTION('center_axis',(0.,0.,1.));
#2801=DIRECTION('ref_axis',(-0.998948127904547,0.045854528195151,0.));
#2802=DIRECTION('center_axis',(0.,0.,1.));
#2803=DIRECTION('ref_axis',(-0.998948127904547,0.045854528195151,0.));
#2804=DIRECTION('center_axis',(0.,0.,1.));
#2805=DIRECTION('ref_axis',(0.,-1.,0.));
#2806=DIRECTION('center_axis',(0.,0.,1.));
#2807=DIRECTION('ref_axis',(0.,-1.,0.));
#2808=DIRECTION('center_axis',(0.,0.,1.));
#2809=DIRECTION('ref_axis',(1.,0.,0.));
#2810=DIRECTION('center_axis',(0.,1.,0.));
#2811=DIRECTION('ref_axis',(1.71512449944288E-15,0.,-1.));
#2812=DIRECTION('',(-1.,0.,-1.71512449944288E-15));
#2813=DIRECTION('',(1.71512449944288E-15,0.,-1.));
#2814=DIRECTION('',(-1.,0.,-1.71512449944288E-15));
#2815=DIRECTION('',(-1.71512449944288E-15,0.,1.));
#2816=DIRECTION('center_axis',(0.,-1.,0.));
#2817=DIRECTION('ref_axis',(0.,0.,-1.));
#2818=DIRECTION('',(0.,1.,0.));
#2819=DIRECTION('center_axis',(0.,1.,0.));
#2820=DIRECTION('ref_axis',(1.,0.,1.66533453693774E-15));
#2821=DIRECTION('',(0.,1.,0.));
#2822=DIRECTION('center_axis',(0.,-1.,0.));
#2823=DIRECTION('ref_axis',(0.,0.,-1.));
#2824=DIRECTION('center_axis',(0.,-1.,0.));
#2825=DIRECTION('ref_axis',(0.,0.,-1.));
#2826=DIRECTION('',(1.,0.,1.71512449944288E-15));
#2827=DIRECTION('center_axis',(0.,-1.,0.));
#2828=DIRECTION('ref_axis',(0.,0.,-1.));
#2829=DIRECTION('',(0.,0.,-1.));
#2830=DIRECTION('center_axis',(-1.,0.,-1.71512449944288E-15));
#2831=DIRECTION('ref_axis',(-1.71512449944288E-15,0.,1.));
#2832=DIRECTION('',(0.,-1.,0.));
#2833=DIRECTION('',(-1.71512449944288E-15,0.,1.));
#2834=DIRECTION('center_axis',(-1.,0.,-1.71512449944288E-15));
#2835=DIRECTION('ref_axis',(0.,-1.,0.));
#2836=DIRECTION('',(0.,1.,0.));
#2837=DIRECTION('center_axis',(-1.,0.,-1.71512449944288E-15));
#2838=DIRECTION('ref_axis',(-1.71512449944288E-15,0.,1.));
#2839=DIRECTION('',(1.71512449944288E-15,0.,-1.));
#2840=DIRECTION('center_axis',(1.,0.,1.71512449944288E-15));
#2841=DIRECTION('ref_axis',(1.65427256495038E-15,-0.264008336417165,-0.964520398074733));
#2842=DIRECTION('',(4.52807165846238E-16,0.964520398074733,-0.264008336417165));
#2843=DIRECTION('center_axis',(-1.,0.,-1.71512449944288E-15));
#2844=DIRECTION('ref_axis',(-1.65427256495038E-15,0.264008336417165,0.964520398074733));
#2845=DIRECTION('center_axis',(1.,0.,1.71512449944288E-15));
#2846=DIRECTION('ref_axis',(-1.71512449944288E-15,0.,1.));
#2847=DIRECTION('center_axis',(1.,0.,1.71512449944288E-15));
#2848=DIRECTION('ref_axis',(-1.71512449944288E-15,0.,1.));
#2849=DIRECTION('center_axis',(-1.,0.,-1.71512449944288E-15));
#2850=DIRECTION('ref_axis',(-1.71512449944288E-15,0.,1.));
#2851=DIRECTION('center_axis',(-1.,0.,-1.71512449944288E-15));
#2852=DIRECTION('ref_axis',(-1.65427256495038E-15,0.264008336417165,0.964520398074733));
#2853=DIRECTION('',(-4.52807165846238E-16,-0.964520398074733,0.264008336417165));
#2854=DIRECTION('center_axis',(-1.,0.,-1.71512449944288E-15));
#2855=DIRECTION('ref_axis',(1.65427256495038E-15,-0.264008336417165,-0.964520398074733));
#2856=DIRECTION('',(1.71512449944288E-15,0.,-1.));
#2857=DIRECTION('center_axis',(-1.,0.,-1.71512449944288E-15));
#2858=DIRECTION('ref_axis',(-1.71512449944288E-15,0.,1.));
#2859=DIRECTION('',(0.,1.,0.));
#2860=DIRECTION('center_axis',(-1.,0.,-1.71512449944288E-15));
#2861=DIRECTION('ref_axis',(0.,-1.,0.));
#2862=DIRECTION('',(1.71512449944288E-15,0.,-1.));
#2863=DIRECTION('center_axis',(-1.,0.,-1.71512449944288E-15));
#2864=DIRECTION('ref_axis',(-1.71512449944288E-15,0.,1.));
#2865=DIRECTION('center_axis',(-1.,0.,-1.71512449944288E-15));
#2866=DIRECTION('ref_axis',(-1.71512449944288E-15,0.,1.));
#2867=DIRECTION('center_axis',(0.,-1.,0.));
#2868=DIRECTION('ref_axis',(1.,0.,0.));
#2869=DIRECTION('',(1.,0.,0.));
#2870=DIRECTION('',(0.,0.,1.));
#2871=DIRECTION('',(-1.,0.,0.));
#2872=DIRECTION('center_axis',(0.,0.,1.));
#2873=DIRECTION('ref_axis',(1.,0.,0.));
#2874=DIRECTION('',(0.,-1.,0.));
#2875=DIRECTION('',(-1.,0.,0.));
#2876=DIRECTION('',(0.,1.,0.));
#2877=DIRECTION('center_axis',(0.,0.,-1.));
#2878=DIRECTION('ref_axis',(1.,0.,0.));
#2879=DIRECTION('center_axis',(0.,0.,-1.));
#2880=DIRECTION('ref_axis',(1.,0.,0.));
#2881=DIRECTION('center_axis',(0.,0.,-1.));
#2882=DIRECTION('ref_axis',(1.,0.,0.));
#2883=DIRECTION('center_axis',(0.,0.,-1.));
#2884=DIRECTION('ref_axis',(1.,0.,0.));
#2885=DIRECTION('center_axis',(0.,0.,-1.));
#2886=DIRECTION('ref_axis',(1.,0.,0.));
#2887=DIRECTION('center_axis',(0.,1.,0.));
#2888=DIRECTION('ref_axis',(0.,0.,1.));
#2889=DIRECTION('',(0.,0.,1.));
#2890=DIRECTION('center_axis',(0.,1.,0.));
#2891=DIRECTION('ref_axis',(1.,0.,1.66533453693774E-15));
#2892=DIRECTION('center_axis',(0.,1.,0.));
#2893=DIRECTION('ref_axis',(1.71512449944288E-15,0.,1.));
#2894=DIRECTION('',(-1.,0.,1.71512449944288E-15));
#2895=DIRECTION('',(-1.71512449944288E-15,0.,-1.));
#2896=DIRECTION('',(1.,0.,-1.71512449944288E-15));
#2897=DIRECTION('',(1.71512449944288E-15,0.,1.));
#2898=DIRECTION('center_axis',(0.,1.,0.));
#2899=DIRECTION('ref_axis',(0.,0.,-1.));
#2900=DIRECTION('',(0.,1.,0.));
#2901=DIRECTION('center_axis',(0.,-1.,0.));
#2902=DIRECTION('ref_axis',(-1.,0.,1.66533453693774E-15));
#2903=DIRECTION('center_axis',(0.,1.,0.));
#2904=DIRECTION('ref_axis',(0.,0.,-1.));
#2905=DIRECTION('center_axis',(0.,-1.,0.));
#2906=DIRECTION('ref_axis',(0.,0.,-1.));
#2907=DIRECTION('',(1.,0.,-1.71512449944288E-15));
#2908=DIRECTION('center_axis',(0.,1.,0.));
#2909=DIRECTION('ref_axis',(0.,0.,-1.));
#2910=DIRECTION('center_axis',(1.,0.,-1.71512449944288E-15));
#2911=DIRECTION('ref_axis',(-1.71512449944288E-15,0.,-1.));
#2912=DIRECTION('',(0.,-1.,0.));
#2913=DIRECTION('',(1.71512449944288E-15,0.,1.));
#2914=DIRECTION('center_axis',(1.,0.,-1.71512449944288E-15));
#2915=DIRECTION('ref_axis',(1.71512449944288E-15,0.,1.));
#2916=DIRECTION('',(-1.52333656750414E-30,1.,-8.8817841970012E-16));
#2917=DIRECTION('center_axis',(1.,0.,-1.71512449944288E-15));
#2918=DIRECTION('ref_axis',(0.,1.,0.));
#2919=DIRECTION('',(-1.71512449944288E-15,0.,-1.));
#2920=DIRECTION('center_axis',(1.,0.,-1.71512449944288E-15));
#2921=DIRECTION('ref_axis',(0.,-1.,0.));
#2922=DIRECTION('',(4.52807165846237E-16,-0.964520398074733,0.264008336417164));
#2923=DIRECTION('center_axis',(1.,0.,-1.71512449944288E-15));
#2924=DIRECTION('ref_axis',(0.,1.,0.));
#2925=DIRECTION('center_axis',(1.,0.,-1.71512449944288E-15));
#2926=DIRECTION('ref_axis',(-1.71512449944288E-15,0.,-1.));
#2927=DIRECTION('center_axis',(1.,0.,-1.71512449944288E-15));
#2928=DIRECTION('ref_axis',(-1.71512449944288E-15,0.,-1.));
#2929=DIRECTION('center_axis',(1.,0.,-1.71512449944288E-15));
#2930=DIRECTION('ref_axis',(-1.71512449944288E-15,0.,-1.));
#2931=DIRECTION('center_axis',(1.,0.,-1.71512449944288E-15));
#2932=DIRECTION('ref_axis',(0.,1.,0.));
#2933=DIRECTION('',(4.52807165846237E-16,-0.964520398074733,0.264008336417164));
#2934=DIRECTION('center_axis',(-1.,0.,1.71512449944288E-15));
#2935=DIRECTION('ref_axis',(0.,-1.,0.));
#2936=DIRECTION('',(1.71512449944288E-15,0.,1.));
#2937=DIRECTION('center_axis',(1.,0.,-1.71512449944288E-15));
#2938=DIRECTION('ref_axis',(0.,1.,0.));
#2939=DIRECTION('',(1.52333656750414E-30,-1.,8.8817841970012E-16));
#2940=DIRECTION('center_axis',(1.,0.,-1.71512449944288E-15));
#2941=DIRECTION('ref_axis',(1.71512449944288E-15,0.,1.));
#2942=DIRECTION('',(-1.71512449944288E-15,0.,-1.));
#2943=DIRECTION('center_axis',(-1.,0.,1.71512449944288E-15));
#2944=DIRECTION('ref_axis',(-1.71512449944288E-15,0.,-1.));
#2945=DIRECTION('center_axis',(-1.,0.,1.71512449944288E-15));
#2946=DIRECTION('ref_axis',(-1.71512449944288E-15,0.,-1.));
#2947=DIRECTION('center_axis',(0.,-1.,0.));
#2948=DIRECTION('ref_axis',(-1.71512449944288E-15,0.,1.));
#2949=DIRECTION('',(-1.,0.,-1.71512449944288E-15));
#2950=DIRECTION('center_axis',(0.,0.,1.));
#2951=DIRECTION('ref_axis',(1.,0.,0.));
#2952=DIRECTION('',(0.,-1.,0.));
#2953=DIRECTION('',(1.,0.,0.));
#2954=DIRECTION('center_axis',(0.,0.,1.));
#2955=DIRECTION('ref_axis',(1.,0.,0.));
#2956=DIRECTION('center_axis',(0.,0.,1.));
#2957=DIRECTION('ref_axis',(1.,0.,0.));
#2958=DIRECTION('center_axis',(0.,0.,1.));
#2959=DIRECTION('ref_axis',(1.,0.,0.));
#2960=DIRECTION('center_axis',(0.,0.,1.));
#2961=DIRECTION('ref_axis',(1.,0.,0.));
#2962=DIRECTION('center_axis',(0.,0.,1.));
#2963=DIRECTION('ref_axis',(1.,0.,0.));
#2964=DIRECTION('center_axis',(0.,1.,0.));
#2965=DIRECTION('ref_axis',(0.,0.,1.));
#2966=DIRECTION('',(0.,0.,-1.));
#2967=DIRECTION('center_axis',(0.,-1.,0.));
#2968=DIRECTION('ref_axis',(-1.,0.,1.66533453693773E-15));
#2969=DIRECTION('center_axis',(0.,0.,1.));
#2970=DIRECTION('ref_axis',(1.,0.,0.));
#2971=DIRECTION('',(0.,0.,-1.));
#2972=DIRECTION('center_axis',(1.,0.,-1.71512449944288E-15));
#2973=DIRECTION('ref_axis',(-1.71512449944288E-15,0.,-1.));
#2974=DIRECTION('',(-1.,0.,1.71512449944288E-15));
#2975=DIRECTION('center_axis',(1.,0.,-1.71512449944288E-15));
#2976=DIRECTION('ref_axis',(-1.71512449944288E-15,0.,-1.));
#2977=DIRECTION('',(-1.,0.,1.71512449944288E-15));
#2978=DIRECTION('center_axis',(-1.,0.,-1.71512449944288E-15));
#2979=DIRECTION('ref_axis',(-1.71512449944288E-15,0.,1.));
#2980=DIRECTION('',(1.,0.,1.71512449944288E-15));
#2981=DIRECTION('center_axis',(-1.,0.,-1.71512449944288E-15));
#2982=DIRECTION('ref_axis',(-1.71512449944288E-15,0.,1.));
#2983=DIRECTION('',(1.,0.,1.71512449944288E-15));
#2984=DIRECTION('center_axis',(0.,0.,1.));
#2985=DIRECTION('ref_axis',(1.,0.,0.));
#2986=DIRECTION('',(0.,0.,-1.));
#2987=DIRECTION('center_axis',(0.,0.,1.));
#2988=DIRECTION('ref_axis',(1.,0.,0.));
#2989=DIRECTION('',(0.,0.,-1.));
#2990=DIRECTION('center_axis',(0.,0.,1.));
#2991=DIRECTION('ref_axis',(1.,0.,0.));
#2992=DIRECTION('',(0.,0.,-1.));
#2993=DIRECTION('center_axis',(0.,0.,1.));
#2994=DIRECTION('ref_axis',(1.,0.,0.));
#2995=DIRECTION('',(0.,0.,-1.));
#2996=DIRECTION('center_axis',(0.,1.,0.));
#2997=DIRECTION('ref_axis',(-1.,0.,0.));
#2998=DIRECTION('center_axis',(-1.,0.,-1.71512449944288E-15));
#2999=DIRECTION('ref_axis',(-1.65427256495038E-15,0.264008336417165,0.964520398074733));
#3000=DIRECTION('',(-1.,0.,-1.71512449944288E-15));
#3001=DIRECTION('center_axis',(-1.65427256495038E-15,0.264008336417165,
0.964520398074733));
#3002=DIRECTION('ref_axis',(4.52807165846238E-16,0.964520398074733,-0.264008336417165));
#3003=DIRECTION('',(-1.,0.,-1.71512449944288E-15));
#3004=DIRECTION('center_axis',(-1.,0.,-1.71512449944288E-15));
#3005=DIRECTION('ref_axis',(1.65427256495038E-15,-0.264008336417165,-0.964520398074733));
#3006=DIRECTION('',(-1.,0.,-1.71512449944288E-15));
#3007=DIRECTION('center_axis',(0.,1.,0.));
#3008=DIRECTION('ref_axis',(1.71512449944288E-15,0.,-1.));
#3009=DIRECTION('',(-1.,0.,-1.71512449944288E-15));
#3010=DIRECTION('center_axis',(-1.,0.,-1.71512449944288E-15));
#3011=DIRECTION('ref_axis',(-1.71512449944288E-15,0.,1.));
#3012=DIRECTION('',(-1.,0.,-1.71512449944288E-15));
#3013=DIRECTION('center_axis',(-1.71512449944288E-15,0.,1.));
#3014=DIRECTION('ref_axis',(0.,1.,0.));
#3015=DIRECTION('',(-1.,0.,-1.71512449944288E-15));
#3016=DIRECTION('center_axis',(-1.,0.,-1.71512449944288E-15));
#3017=DIRECTION('ref_axis',(0.,-1.,0.));
#3018=DIRECTION('center_axis',(0.,-1.,0.));
#3019=DIRECTION('ref_axis',(-1.71512449944288E-15,0.,-1.));
#3020=DIRECTION('',(1.,0.,-1.71512449944288E-15));
#3021=DIRECTION('center_axis',(1.,0.,-1.71512449944288E-15));
#3022=DIRECTION('ref_axis',(1.71512449944288E-15,0.,1.));
#3023=DIRECTION('',(1.,0.,-1.71512449944288E-15));
#3024=DIRECTION('center_axis',(1.71512449944288E-15,8.8817841970012E-16,
1.));
#3025=DIRECTION('ref_axis',(1.52333656750414E-30,-1.,8.8817841970012E-16));
#3026=DIRECTION('',(1.,0.,-1.71512449944288E-15));
#3027=DIRECTION('center_axis',(1.,0.,-1.71512449944288E-15));
#3028=DIRECTION('ref_axis',(0.,1.,0.));
#3029=DIRECTION('',(1.,0.,-1.71512449944288E-15));
#3030=DIRECTION('center_axis',(0.,1.,0.));
#3031=DIRECTION('ref_axis',(1.71512449944288E-15,0.,1.));
#3032=DIRECTION('',(1.,0.,-1.71512449944288E-15));
#3033=DIRECTION('center_axis',(1.,0.,-1.71512449944288E-15));
#3034=DIRECTION('ref_axis',(0.,-1.,0.));
#3035=DIRECTION('',(1.,0.,-1.71512449944288E-15));
#3036=DIRECTION('center_axis',(1.65427256495038E-15,0.264008336417164,0.964520398074733));
#3037=DIRECTION('ref_axis',(4.52807165846237E-16,-0.964520398074733,0.264008336417164));
#3038=DIRECTION('',(1.,0.,-1.71512449944288E-15));
#3039=DIRECTION('center_axis',(1.,0.,-1.71512449944288E-15));
#3040=DIRECTION('ref_axis',(0.,1.,0.));
#3041=DIRECTION('center_axis',(0.,-1.,0.));
#3042=DIRECTION('ref_axis',(0.,0.,-1.));
#3043=DIRECTION('center_axis',(0.,1.,0.));
#3044=DIRECTION('ref_axis',(0.,0.,-1.));
#3045=DIRECTION('center_axis',(-1.,0.,0.));
#3046=DIRECTION('ref_axis',(0.,1.71512449944288E-15,-1.));
#3047=DIRECTION('',(0.,-1.,-1.71512449944288E-15));
#3048=DIRECTION('',(0.,1.71512449944288E-15,-1.));
#3049=DIRECTION('',(0.,-1.,-1.71512449944288E-15));
#3050=DIRECTION('',(0.,-1.71512449944288E-15,1.));
#3051=DIRECTION('center_axis',(1.,0.,0.));
#3052=DIRECTION('ref_axis',(0.,0.,-1.));
#3053=DIRECTION('',(-1.,0.,0.));
#3054=DIRECTION('center_axis',(-1.,0.,0.));
#3055=DIRECTION('ref_axis',(0.,1.,1.66533453693773E-15));
#3056=DIRECTION('',(-1.,0.,0.));
#3057=DIRECTION('center_axis',(1.,0.,0.));
#3058=DIRECTION('ref_axis',(0.,0.,-1.));
#3059=DIRECTION('center_axis',(1.,0.,0.));
#3060=DIRECTION('ref_axis',(0.,0.,-1.));
#3061=DIRECTION('',(0.,1.,1.71512449944288E-15));
#3062=DIRECTION('center_axis',(1.,0.,0.));
#3063=DIRECTION('ref_axis',(0.,0.,-1.));
#3064=DIRECTION('',(0.,0.,-1.));
#3065=DIRECTION('center_axis',(0.,-1.,-1.71512449944288E-15));
#3066=DIRECTION('ref_axis',(1.,0.,0.));
#3067=DIRECTION('',(1.,0.,0.));
#3068=DIRECTION('',(2.03012210217196E-15,-1.71512449944288E-15,1.));
#3069=DIRECTION('center_axis',(0.,1.,1.71512449944288E-15));
#3070=DIRECTION('ref_axis',(0.707106781186547,-1.21277616413525E-15,0.707106781186547));
#3071=DIRECTION('',(1.,0.,0.));
#3072=DIRECTION('center_axis',(0.,1.,1.71512449944288E-15));
#3073=DIRECTION('ref_axis',(-0.707106781186548,-1.21277616413525E-15,0.707106781186548));
#3074=DIRECTION('',(-1.,4.20230777242521E-30,-2.45014736468998E-15));
#3075=DIRECTION('center_axis',(0.,1.,1.71512449944288E-15));
#3076=DIRECTION('ref_axis',(-1.77635683940024E-14,-1.71512449944288E-15,
1.));
#3077=DIRECTION('',(1.,0.,0.));
#3078=DIRECTION('center_axis',(0.,1.,1.71512449944288E-15));
#3079=DIRECTION('ref_axis',(1.77635683940019E-14,1.71512449944288E-15,-1.));
#3080=DIRECTION('',(-1.,4.20230777242527E-30,-2.45014736469002E-15));
#3081=DIRECTION('center_axis',(0.,1.,1.71512449944288E-15));
#3082=DIRECTION('ref_axis',(0.,-1.71512449944288E-15,1.));
#3083=DIRECTION('',(1.,0.,0.));
#3084=DIRECTION('center_axis',(0.,1.,1.71512449944288E-15));
#3085=DIRECTION('ref_axis',(0.,1.71512449944288E-15,-1.));
#3086=DIRECTION('',(-1.,1.26069233172756E-29,-7.35044209406995E-15));
#3087=DIRECTION('center_axis',(0.,1.,1.71512449944288E-15));
#3088=DIRECTION('ref_axis',(1.77635683940019E-14,-1.71512449944288E-15,
1.));
#3089=DIRECTION('',(1.,1.26069233172757E-29,-7.35044209407002E-15));
#3090=DIRECTION('center_axis',(0.,1.,1.71512449944288E-15));
#3091=DIRECTION('ref_axis',(0.,1.71512449944288E-15,-1.));
#3092=DIRECTION('',(-1.,0.,0.));
#3093=DIRECTION('center_axis',(0.,1.,1.71512449944288E-15));
#3094=DIRECTION('ref_axis',(-3.55271367880048E-14,-1.71512449944288E-15,
1.));
#3095=DIRECTION('',(1.,0.,0.));
#3096=DIRECTION('center_axis',(0.,1.,1.71512449944288E-15));
#3097=DIRECTION('ref_axis',(7.10542735760103E-14,1.71512449944288E-15,-1.));
#3098=DIRECTION('center_axis',(0.,-1.,-1.71512449944288E-15));
#3099=DIRECTION('ref_axis',(1.,0.,0.));
#3100=DIRECTION('center_axis',(0.,-1.,-1.71512449944288E-15));
#3101=DIRECTION('ref_axis',(-0.707106781186548,-1.21277616413525E-15,0.707106781186548));
#3102=DIRECTION('',(1.,0.,0.));
#3103=DIRECTION('center_axis',(0.,-1.,-1.71512449944288E-15));
#3104=DIRECTION('ref_axis',(0.707106781186547,-1.21277616413525E-15,0.707106781186547));
#3105=DIRECTION('',(-2.03012210217196E-15,1.71512449944288E-15,-1.));
#3106=DIRECTION('',(1.,-4.20230777242521E-30,2.45014736468998E-15));
#3107=DIRECTION('center_axis',(0.,-1.,-1.71512449944288E-15));
#3108=DIRECTION('ref_axis',(1.77635683940019E-14,1.71512449944288E-15,-1.));
#3109=DIRECTION('',(-1.,0.,0.));
#3110=DIRECTION('center_axis',(0.,-1.,-1.71512449944288E-15));
#3111=DIRECTION('ref_axis',(-1.77635683940024E-14,-1.71512449944288E-15,
1.));
#3112=DIRECTION('',(1.,-4.20230777242527E-30,2.45014736469002E-15));
#3113=DIRECTION('center_axis',(0.,-1.,-1.71512449944288E-15));
#3114=DIRECTION('ref_axis',(0.,1.71512449944288E-15,-1.));
#3115=DIRECTION('',(-1.,0.,0.));
#3116=DIRECTION('center_axis',(0.,-1.,-1.71512449944288E-15));
#3117=DIRECTION('ref_axis',(0.,-1.71512449944288E-15,1.));
#3118=DIRECTION('',(1.,-1.26069233172756E-29,7.35044209406995E-15));
#3119=DIRECTION('center_axis',(0.,-1.,-1.71512449944288E-15));
#3120=DIRECTION('ref_axis',(0.,1.71512449944288E-15,-1.));
#3121=DIRECTION('',(-1.,-1.26069233172757E-29,7.35044209407002E-15));
#3122=DIRECTION('center_axis',(0.,-1.,-1.71512449944288E-15));
#3123=DIRECTION('ref_axis',(1.77635683940019E-14,-1.71512449944288E-15,
1.));
#3124=DIRECTION('',(1.,0.,0.));
#3125=DIRECTION('center_axis',(0.,-1.,-1.71512449944288E-15));
#3126=DIRECTION('ref_axis',(7.10542735760103E-14,1.71512449944288E-15,-1.));
#3127=DIRECTION('',(-1.,0.,0.));
#3128=DIRECTION('center_axis',(0.,-1.,-1.71512449944288E-15));
#3129=DIRECTION('ref_axis',(-3.55271367880048E-14,-1.71512449944288E-15,
1.));
#3130=DIRECTION('center_axis',(1.,-2.03012210217196E-15,0.));
#3131=DIRECTION('ref_axis',(2.03012210217196E-15,1.,0.));
#3132=DIRECTION('',(2.03012210217196E-15,1.,0.));
#3133=DIRECTION('',(0.,0.,1.));
#3134=DIRECTION('',(-2.03012210217196E-15,-1.,0.));
#3135=DIRECTION('center_axis',(0.,0.,1.));
#3136=DIRECTION('ref_axis',(1.,0.,0.));
#3137=DIRECTION('',(1.,0.,0.));
#3138=DIRECTION('',(0.,-1.,0.));
#3139=DIRECTION('center_axis',(0.,0.,1.));
#3140=DIRECTION('ref_axis',(-1.,0.,0.));
#3141=DIRECTION('',(1.,6.02299100341173E-16,0.));
#3142=DIRECTION('center_axis',(0.,0.,-1.));
#3143=DIRECTION('ref_axis',(0.980304702820591,0.197490986193885,0.));
#3144=DIRECTION('center_axis',(0.,0.,1.));
#3145=DIRECTION('ref_axis',(-0.971649381334587,-0.236426478534265,0.));
#3146=DIRECTION('center_axis',(0.,0.,1.));
#3147=DIRECTION('ref_axis',(0.832942111646927,-0.553360134672853,0.));
#3148=DIRECTION('center_axis',(0.,0.,-1.));
#3149=DIRECTION('ref_axis',(-0.939692620785643,0.342020143326399,0.));
#3150=DIRECTION('center_axis',(0.,0.,1.));
#3151=DIRECTION('ref_axis',(0.925893656831698,-0.377784245620202,0.));
#3152=DIRECTION('center_axis',(0.,0.,-1.));
#3153=DIRECTION('ref_axis',(1.,2.56822675575954E-14,0.));
#3154=DIRECTION('center_axis',(0.,0.,-1.));
#3155=DIRECTION('ref_axis',(0.920593946811538,-0.390521171121305,0.));
#3156=DIRECTION('center_axis',(0.,0.,-1.));
#3157=DIRECTION('ref_axis',(1.,0.,0.));
#3158=DIRECTION('center_axis',(-1.,0.,0.));
#3159=DIRECTION('ref_axis',(0.,0.,1.));
#3160=DIRECTION('',(0.,0.,1.));
#3161=DIRECTION('center_axis',(-1.,0.,0.));
#3162=DIRECTION('ref_axis',(0.,1.,1.66533453693774E-15));
#3163=DIRECTION('center_axis',(0.,1.,1.71512449944288E-15));
#3164=DIRECTION('ref_axis',(0.707106781186547,-1.21277616413525E-15,0.707106781186547));
#3165=DIRECTION('',(0.,-1.,-1.71512449944288E-15));
#3166=DIRECTION('',(0.,1.,1.71512449944288E-15));
#3167=DIRECTION('center_axis',(1.,3.48191215429562E-30,-2.03012210217196E-15));
#3168=DIRECTION('ref_axis',(2.03012210217196E-15,-1.71512449944288E-15,
1.));
#3169=DIRECTION('center_axis',(1.,0.,0.));
#3170=DIRECTION('ref_axis',(0.,0.,-1.));
#3171=DIRECTION('center_axis',(0.,1.,1.71512449944288E-15));
#3172=DIRECTION('ref_axis',(-0.707106781186548,-1.21277616413525E-15,0.707106781186548));
#3173=DIRECTION('',(0.,1.,1.71512449944288E-15));
#3174=DIRECTION('center_axis',(-1.,0.,0.));
#3175=DIRECTION('ref_axis',(0.,-1.,0.));
#3176=DIRECTION('',(0.,1.,0.));
#3177=DIRECTION('',(0.,0.,1.));
#3178=DIRECTION('center_axis',(0.,-1.71512449944288E-15,1.));
#3179=DIRECTION('ref_axis',(-1.,0.,0.));
#3180=DIRECTION('center_axis',(0.,0.,1.));
#3181=DIRECTION('ref_axis',(0.920593946811538,-0.390521171121305,0.));
#3182=DIRECTION('center_axis',(0.,0.,1.));
#3183=DIRECTION('ref_axis',(0.920593946811538,-0.390521171121305,0.));
#3184=DIRECTION('',(0.,0.,1.));
#3185=DIRECTION('',(0.,0.,1.));
#3186=DIRECTION('center_axis',(0.,0.,1.));
#3187=DIRECTION('ref_axis',(1.,2.56822675575954E-14,0.));
#3188=DIRECTION('center_axis',(0.,0.,1.));
#3189=DIRECTION('ref_axis',(1.,2.56822675575954E-14,0.));
#3190=DIRECTION('',(0.,0.,1.));
#3191=DIRECTION('center_axis',(0.,0.,1.));
#3192=DIRECTION('ref_axis',(0.925893656831698,-0.377784245620202,0.));
#3193=DIRECTION('center_axis',(0.,0.,1.));
#3194=DIRECTION('ref_axis',(0.925893656831698,-0.377784245620202,0.));
#3195=DIRECTION('',(0.,0.,1.));
#3196=DIRECTION('center_axis',(0.,0.,1.));
#3197=DIRECTION('ref_axis',(-0.939692620785643,0.342020143326399,0.));
#3198=DIRECTION('center_axis',(0.,0.,1.));
#3199=DIRECTION('ref_axis',(-0.939692620785643,0.342020143326399,0.));
#3200=DIRECTION('center_axis',(0.,-1.,-1.71512449944288E-15));
#3201=DIRECTION('ref_axis',(1.77635683940019E-14,1.71512449944288E-15,-1.));
#3202=DIRECTION('',(0.,-1.,-1.71512449944288E-15));
#3203=DIRECTION('',(0.,-1.,-1.71512449944288E-15));
#3204=DIRECTION('center_axis',(0.,1.71512449944288E-15,-1.));
#3205=DIRECTION('ref_axis',(1.,0.,0.));
#3206=DIRECTION('',(0.,-1.,-1.71512449944288E-15));
#3207=DIRECTION('center_axis',(0.,-1.,-1.71512449944288E-15));
#3208=DIRECTION('ref_axis',(-1.77635683940024E-14,-1.71512449944288E-15,
1.));
#3209=DIRECTION('',(0.,-1.,-1.71512449944288E-15));
#3210=DIRECTION('center_axis',(-2.45014736468998E-15,-1.71512449944288E-15,
1.));
#3211=DIRECTION('ref_axis',(-1.,4.20230777242521E-30,-2.45014736468998E-15));
#3212=DIRECTION('center_axis',(0.,-1.,-1.71512449944288E-15));
#3213=DIRECTION('ref_axis',(0.,1.71512449944288E-15,-1.));
#3214=DIRECTION('',(0.,-1.,-1.71512449944288E-15));
#3215=DIRECTION('',(0.,-1.,-1.71512449944288E-15));
#3216=DIRECTION('center_axis',(0.,1.71512449944288E-15,-1.));
#3217=DIRECTION('ref_axis',(1.,0.,0.));
#3218=DIRECTION('',(0.,-1.,-1.71512449944288E-15));
#3219=DIRECTION('center_axis',(0.,-1.,-1.71512449944288E-15));
#3220=DIRECTION('ref_axis',(0.,-1.71512449944288E-15,1.));
#3221=DIRECTION('',(0.,-1.,-1.71512449944288E-15));
#3222=DIRECTION('center_axis',(-2.45014736469002E-15,-1.71512449944288E-15,
1.));
#3223=DIRECTION('ref_axis',(-1.,4.20230777242527E-30,-2.45014736469002E-15));
#3224=DIRECTION('center_axis',(0.,-1.,-1.71512449944288E-15));
#3225=DIRECTION('ref_axis',(0.,1.71512449944288E-15,-1.));
#3226=DIRECTION('',(0.,-1.,-1.71512449944288E-15));
#3227=DIRECTION('',(0.,-1.,-1.71512449944288E-15));
#3228=DIRECTION('center_axis',(-7.35044209407002E-15,1.71512449944288E-15,
-1.));
#3229=DIRECTION('ref_axis',(1.,1.26069233172757E-29,-7.35044209407002E-15));
#3230=DIRECTION('',(0.,-1.,-1.71512449944288E-15));
#3231=DIRECTION('center_axis',(0.,-1.,-1.71512449944288E-15));
#3232=DIRECTION('ref_axis',(1.77635683940019E-14,-1.71512449944288E-15,
1.));
#3233=DIRECTION('',(0.,-1.,-1.71512449944288E-15));
#3234=DIRECTION('center_axis',(-7.35044209406995E-15,-1.71512449944288E-15,
1.));
#3235=DIRECTION('ref_axis',(-1.,1.26069233172756E-29,-7.35044209406995E-15));
#3236=DIRECTION('center_axis',(0.,-1.,-1.71512449944288E-15));
#3237=DIRECTION('ref_axis',(7.10542735760103E-14,1.71512449944288E-15,-1.));
#3238=DIRECTION('',(0.,-1.,-1.71512449944288E-15));
#3239=DIRECTION('',(0.,-1.,-1.71512449944288E-15));
#3240=DIRECTION('center_axis',(0.,1.71512449944288E-15,-1.));
#3241=DIRECTION('ref_axis',(1.,0.,0.));
#3242=DIRECTION('',(0.,-1.,-1.71512449944288E-15));
#3243=DIRECTION('center_axis',(0.,-1.,-1.71512449944288E-15));
#3244=DIRECTION('ref_axis',(-3.55271367880048E-14,-1.71512449944288E-15,
1.));
#3245=DIRECTION('',(0.,-1.,-1.71512449944288E-15));
#3246=DIRECTION('center_axis',(0.,-1.71512449944288E-15,1.));
#3247=DIRECTION('ref_axis',(-1.,0.,0.));
#3248=DIRECTION('center_axis',(0.,0.,1.));
#3249=DIRECTION('ref_axis',(1.,0.,0.));
#3250=DIRECTION('',(0.,0.,-1.));
#3251=DIRECTION('center_axis',(0.,0.,1.));
#3252=DIRECTION('ref_axis',(1.,0.,0.));
#3253=DIRECTION('center_axis',(0.,0.,1.));
#3254=DIRECTION('ref_axis',(0.980304702820591,0.197490986193885,0.));
#3255=DIRECTION('center_axis',(0.,0.,1.));
#3256=DIRECTION('ref_axis',(0.980304702820591,0.197490986193885,0.));
#3257=DIRECTION('',(0.,0.,1.));
#3258=DIRECTION('',(0.,0.,1.));
#3259=DIRECTION('center_axis',(6.02299100341173E-16,-1.,0.));
#3260=DIRECTION('ref_axis',(1.,6.02299100341173E-16,0.));
#3261=DIRECTION('',(1.,6.02299100341173E-16,0.));
#3262=DIRECTION('',(0.,0.,1.));
#3263=DIRECTION('center_axis',(0.,0.,1.));
#3264=DIRECTION('ref_axis',(-1.,0.,0.));
#3265=DIRECTION('center_axis',(0.,0.,1.));
#3266=DIRECTION('ref_axis',(-1.,0.,0.));
#3267=DIRECTION('center_axis',(0.,0.,1.));
#3268=DIRECTION('ref_axis',(0.832942111646927,-0.553360134672853,0.));
#3269=DIRECTION('center_axis',(0.,0.,1.));
#3270=DIRECTION('ref_axis',(0.832942111646927,-0.553360134672853,0.));
#3271=DIRECTION('',(0.,0.,1.));
#3272=DIRECTION('center_axis',(0.,0.,1.));
#3273=DIRECTION('ref_axis',(-0.971649381334587,-0.236426478534265,0.));
#3274=DIRECTION('center_axis',(0.,0.,1.));
#3275=DIRECTION('ref_axis',(-0.971649381334587,-0.236426478534265,0.));
#3276=DIRECTION('center_axis',(0.,0.,1.));
#3277=DIRECTION('ref_axis',(1.,0.,0.));
#3278=CARTESIAN_POINT('',(0.,0.,0.));
#3279=CARTESIAN_POINT('Origin',(22.8412039560141,263.97172687849,18.6549318713859));
#3280=CARTESIAN_POINT('',(22.8412039560141,263.97172687849,8.00000000000001));
#3281=CARTESIAN_POINT('',(22.8412039560141,259.97172687849,8.00000000000001));
#3282=CARTESIAN_POINT('',(22.8412039560141,263.97172687849,8.00000000000001));
#3283=CARTESIAN_POINT('',(22.8412039560141,259.97172687849,28.6549318713859));
#3284=CARTESIAN_POINT('',(22.8412039560141,259.97172687849,18.6549318713859));
#3285=CARTESIAN_POINT('',(22.8412039560141,263.97172687849,28.6549318713859));
#3286=CARTESIAN_POINT('',(22.8412039560141,263.97172687849,28.6549318713859));
#3287=CARTESIAN_POINT('',(22.8412039560141,263.97172687849,18.6549318713859));
#3288=CARTESIAN_POINT('Origin',(96.4493457173011,255.97172687849,8.));
#3289=CARTESIAN_POINT('',(170.057487478588,263.97172687849,8.00000000000001));
#3290=CARTESIAN_POINT('',(147.256682570141,263.97172687849,7.99999999999997));
#3291=CARTESIAN_POINT('',(170.057487478588,255.97172687849,0.));
#3292=CARTESIAN_POINT('Origin',(170.057487478588,255.97172687849,8.));
#3293=CARTESIAN_POINT('',(22.8412039560141,255.97172687849,0.));
#3294=CARTESIAN_POINT('',(147.256682570141,255.97172687849,0.));
#3295=CARTESIAN_POINT('Origin',(22.8412039560141,255.97172687849,8.));
#3296=CARTESIAN_POINT('Origin',(170.057487478588,259.97172687849,8.00000000000001));
#3297=CARTESIAN_POINT('',(170.057487478588,259.97172687849,8.00000000000001));
#3298=CARTESIAN_POINT('',(170.057487478588,263.97172687849,7.99999999999997));
#3299=CARTESIAN_POINT('',(170.057487478588,255.97172687849,4.));
#3300=CARTESIAN_POINT('Origin',(170.057487478588,255.97172687849,8.));
#3301=CARTESIAN_POINT('',(170.057487478588,255.97172687849,0.));
#3302=CARTESIAN_POINT('Origin',(294.513365140281,259.97172687849,-21.3712930641337));
#3303=CARTESIAN_POINT('',(147.256682570141,259.97172687849,7.99999999999997));
#3304=CARTESIAN_POINT('',(170.057487478588,259.97172687849,25.6549318713859));
#3305=CARTESIAN_POINT('',(170.057487478588,259.97172687849,-31.6890276249113));
#3306=CARTESIAN_POINT('',(162.057487478588,259.97172687849,33.654931871386));
#3307=CARTESIAN_POINT('Origin',(162.057487478588,259.97172687849,25.6549318713859));
#3308=CARTESIAN_POINT('',(27.8412039560141,259.97172687849,33.654931871386));
#3309=CARTESIAN_POINT('',(228.285426309435,259.97172687849,33.654931871386));
#3310=CARTESIAN_POINT('Origin',(27.8412039560141,259.97172687849,28.6549318713859));
#3311=CARTESIAN_POINT('',(59.3412039560142,259.97172687849,28.6549318713859));
#3312=CARTESIAN_POINT('',(73.8412039560142,259.97172687849,28.6549318713859));
#3313=CARTESIAN_POINT('',(59.3412039560142,259.97172687849,28.6549318713859));
#3314=CARTESIAN_POINT('',(73.8412039560142,259.97172687849,20.6549318713859));
#3315=CARTESIAN_POINT('Origin',(73.8412039560142,259.97172687849,24.6549318713859));
#3316=CARTESIAN_POINT('',(59.3412039560141,259.97172687849,20.654931871386));
#3317=CARTESIAN_POINT('',(73.8412039560142,259.97172687849,20.6549318713859));
#3318=CARTESIAN_POINT('Origin',(59.3412039560142,259.97172687849,24.6549318713861));
#3319=CARTESIAN_POINT('',(31.8412039560143,259.97172687849,28.6549318713859));
#3320=CARTESIAN_POINT('',(46.3412039560142,259.97172687849,28.6549318713859));
#3321=CARTESIAN_POINT('',(31.8412039560143,259.97172687849,28.6549318713859));
#3322=CARTESIAN_POINT('',(46.3412039560141,259.97172687849,20.6549318713859));
#3323=CARTESIAN_POINT('Origin',(46.3412039560142,259.97172687849,24.6549318713859));
#3324=CARTESIAN_POINT('',(31.8412039560142,259.97172687849,20.6549318713859));
#3325=CARTESIAN_POINT('',(46.3412039560141,259.97172687849,20.6549318713859));
#3326=CARTESIAN_POINT('Origin',(31.8412039560142,259.97172687849,24.6549318713859));
#3327=CARTESIAN_POINT('',(117.741856567834,259.97172687849,28.6549318713859));
#3328=CARTESIAN_POINT('',(132.241856567834,259.97172687849,28.6549318713859));
#3329=CARTESIAN_POINT('',(117.741856567834,259.97172687849,28.6549318713859));
#3330=CARTESIAN_POINT('',(132.241856567833,259.97172687849,20.6549318713859));
#3331=CARTESIAN_POINT('Origin',(132.241856567834,259.97172687849,24.6549318713859));
#3332=CARTESIAN_POINT('',(117.741856567833,259.97172687849,20.6549318713859));
#3333=CARTESIAN_POINT('',(132.241856567833,259.97172687849,20.6549318713859));
#3334=CARTESIAN_POINT('Origin',(117.741856567833,259.97172687849,24.6549318713859));
#3335=CARTESIAN_POINT('',(145.241856567834,259.97172687849,28.6549318713859));
#3336=CARTESIAN_POINT('',(159.741856567833,259.97172687849,28.6549318713859));
#3337=CARTESIAN_POINT('',(145.241856567834,259.97172687849,28.6549318713859));
#3338=CARTESIAN_POINT('',(159.741856567833,259.97172687849,20.6549318713859));
#3339=CARTESIAN_POINT('Origin',(159.741856567833,259.97172687849,24.6549318713859));
#3340=CARTESIAN_POINT('',(145.241856567833,259.97172687849,20.6549318713859));
#3341=CARTESIAN_POINT('',(159.741856567833,259.97172687849,20.6549318713859));
#3342=CARTESIAN_POINT('Origin',(145.241856567834,259.97172687849,24.6549318713859));
#3343=CARTESIAN_POINT('Origin',(294.513365140281,263.97172687849,-21.3712930641337));
#3344=CARTESIAN_POINT('',(27.8412039560141,263.97172687849,33.654931871386));
#3345=CARTESIAN_POINT('Origin',(27.8412039560141,263.97172687849,28.6549318713859));
#3346=CARTESIAN_POINT('',(162.057487478588,263.97172687849,33.654931871386));
#3347=CARTESIAN_POINT('',(228.285426309435,263.97172687849,33.654931871386));
#3348=CARTESIAN_POINT('',(170.057487478588,263.97172687849,25.6549318713859));
#3349=CARTESIAN_POINT('Origin',(162.057487478588,263.97172687849,25.6549318713859));
#3350=CARTESIAN_POINT('',(170.057487478588,263.97172687849,-31.6890276249113));
#3351=CARTESIAN_POINT('',(59.3412039560142,263.97172687849,28.6549318713859));
#3352=CARTESIAN_POINT('',(73.8412039560142,263.97172687849,28.6549318713859));
#3353=CARTESIAN_POINT('',(59.3412039560142,263.97172687849,28.6549318713859));
#3354=CARTESIAN_POINT('',(59.3412039560141,263.97172687849,20.654931871386));
#3355=CARTESIAN_POINT('Origin',(59.3412039560142,263.97172687849,24.6549318713861));
#3356=CARTESIAN_POINT('',(73.8412039560142,263.97172687849,20.6549318713859));
#3357=CARTESIAN_POINT('',(73.8412039560142,263.97172687849,20.6549318713859));
#3358=CARTESIAN_POINT('Origin',(73.8412039560142,263.97172687849,24.6549318713859));
#3359=CARTESIAN_POINT('',(31.8412039560143,263.97172687849,28.6549318713859));
#3360=CARTESIAN_POINT('',(46.3412039560143,263.97172687849,28.6549318713859));
#3361=CARTESIAN_POINT('',(31.8412039560143,263.97172687849,28.6549318713859));
#3362=CARTESIAN_POINT('',(31.8412039560142,263.97172687849,20.6549318713859));
#3363=CARTESIAN_POINT('Origin',(31.8412039560142,263.97172687849,24.6549318713859));
#3364=CARTESIAN_POINT('',(46.3412039560141,263.97172687849,20.6549318713859));
#3365=CARTESIAN_POINT('',(46.3412039560141,263.97172687849,20.6549318713859));
#3366=CARTESIAN_POINT('Origin',(46.3412039560142,263.97172687849,24.6549318713859));
#3367=CARTESIAN_POINT('',(117.741856567834,263.97172687849,28.6549318713859));
#3368=CARTESIAN_POINT('',(132.241856567834,263.97172687849,28.6549318713859));
#3369=CARTESIAN_POINT('',(117.741856567834,263.97172687849,28.6549318713859));
#3370=CARTESIAN_POINT('',(117.741856567833,263.97172687849,20.6549318713859));
#3371=CARTESIAN_POINT('Origin',(117.741856567833,263.97172687849,24.6549318713859));
#3372=CARTESIAN_POINT('',(132.241856567833,263.97172687849,20.6549318713859));
#3373=CARTESIAN_POINT('',(132.241856567833,263.97172687849,20.6549318713859));
#3374=CARTESIAN_POINT('Origin',(132.241856567834,263.97172687849,24.6549318713859));
#3375=CARTESIAN_POINT('',(145.241856567834,263.97172687849,28.6549318713859));
#3376=CARTESIAN_POINT('',(159.741856567833,263.97172687849,28.6549318713859));
#3377=CARTESIAN_POINT('',(145.241856567834,263.97172687849,28.6549318713859));
#3378=CARTESIAN_POINT('',(145.241856567833,263.97172687849,20.6549318713859));
#3379=CARTESIAN_POINT('Origin',(145.241856567834,263.97172687849,24.6549318713859));
#3380=CARTESIAN_POINT('',(159.741856567833,263.97172687849,20.6549318713859));
#3381=CARTESIAN_POINT('',(159.741856567833,263.97172687849,20.6549318713859));
#3382=CARTESIAN_POINT('Origin',(159.741856567833,263.97172687849,24.6549318713859));
#3383=CARTESIAN_POINT('Origin',(170.057487478588,225.330486095917,0.));
#3384=CARTESIAN_POINT('',(170.057487478588,225.330486095917,4.));
#3385=CARTESIAN_POINT('',(170.057487478588,225.330486095917,4.));
#3386=CARTESIAN_POINT('',(170.057487478588,225.330486095917,0.));
#3387=CARTESIAN_POINT('',(170.057487478588,225.330486095917,0.));
#3388=CARTESIAN_POINT('',(170.057487478588,225.330486095917,0.));
#3389=CARTESIAN_POINT('Origin',(294.513365140281,235.648220656695,4.));
#3390=CARTESIAN_POINT('',(22.8412039560141,255.97172687849,4.));
#3391=CARTESIAN_POINT('',(147.256682570141,255.97172687849,4.));
#3392=CARTESIAN_POINT('',(22.841203956014,240.674445592219,4.));
#3393=CARTESIAN_POINT('',(22.8412039560141,275.674445592214,4.));
#3394=CARTESIAN_POINT('',(37.0104893597124,189.529048770686,4.));
#3395=CARTESIAN_POINT('Origin',(108.105469955893,236.760576012692,4.));
#3396=CARTESIAN_POINT('',(78.4170367494788,197.009052300631,4.));
#3397=CARTESIAN_POINT('Origin',(56.0552003027271,202.450243687387,4.));
#3398=CARTESIAN_POINT('',(103.071616890569,217.330486095917,4.));
#3399=CARTESIAN_POINT('Origin',(103.241374638467,192.007971557878,4.));
#3400=CARTESIAN_POINT('',(162.057487478588,217.330486095917,4.));
#3401=CARTESIAN_POINT('',(162.057487478588,217.330486095917,4.));
#3402=CARTESIAN_POINT('Origin',(162.057487478588,225.330486095917,4.));
#3403=CARTESIAN_POINT('',(55.3385930430275,234.674445592214,4.));
#3404=CARTESIAN_POINT('',(63.217696229249,194.59230465652,4.));
#3405=CARTESIAN_POINT('Origin',(161.660589889624,234.759092757666,4.));
#3406=CARTESIAN_POINT('',(55.4182474767268,191.753537466915,4.));
#3407=CARTESIAN_POINT('Origin',(59.3179718529887,193.172921061715,4.));
#3408=CARTESIAN_POINT('',(47.0385930430274,234.674445592214,4.));
#3409=CARTESIAN_POINT('Origin',(152.716445714308,233.027984746668,4.));
#3410=CARTESIAN_POINT('Origin',(51.1885930430274,234.674445592214,4.));
#3411=CARTESIAN_POINT('',(147.188593043027,234.674445592214,4.));
#3412=CARTESIAN_POINT('Origin',(151.188593043027,234.674445592214,4.));
#3413=CARTESIAN_POINT('Origin',(22.8412039560141,263.97172687849,8.00000000000001));
#3414=CARTESIAN_POINT('',(22.841203956014,255.97172687849,0.));
#3415=CARTESIAN_POINT('Origin',(22.8412039560141,255.97172687849,8.));
#3416=CARTESIAN_POINT('Origin',(162.057487478588,263.97172687849,25.6549318713859));
#3417=CARTESIAN_POINT('',(162.057487478588,263.97172687849,33.6549318713859));
#3418=CARTESIAN_POINT('',(170.057487478588,263.97172687849,25.6549318713859));
#3419=CARTESIAN_POINT('Origin',(170.057487478588,263.97172687849,-31.6890276249113));
#3420=CARTESIAN_POINT('Origin',(96.4493457173011,255.97172687849,8.));
#3421=CARTESIAN_POINT('Origin',(27.8412039560141,263.97172687849,28.6549318713859));
#3422=CARTESIAN_POINT('',(27.8412039560141,263.97172687849,33.6549318713859));
#3423=CARTESIAN_POINT('Origin',(22.8412039560141,275.674445592214,0.));
#3424=CARTESIAN_POINT('',(22.841203956014,240.674445592219,0.));
#3425=CARTESIAN_POINT('',(22.8412039560141,275.674445592214,0.));
#3426=CARTESIAN_POINT('',(22.841203956014,240.674445592219,0.));
#3427=CARTESIAN_POINT('Origin',(162.057487478588,263.97172687849,33.6549318713859));
#3428=CARTESIAN_POINT('Origin',(51.1885930430274,234.674445592214,0.));
#3429=CARTESIAN_POINT('',(55.3385930430275,234.674445592214,0.));
#3430=CARTESIAN_POINT('',(47.0385930430274,234.674445592214,0.));
#3431=CARTESIAN_POINT('Origin',(51.1885930430274,234.674445592214,0.));
#3432=CARTESIAN_POINT('',(55.3385930430275,234.674445592214,0.));
#3433=CARTESIAN_POINT('',(47.0385930430274,234.674445592214,0.));
#3434=CARTESIAN_POINT('Origin',(152.716445714308,233.027984746668,0.));
#3435=CARTESIAN_POINT('',(55.4182474767268,191.753537466915,0.));
#3436=CARTESIAN_POINT('Origin',(152.716445714308,233.027984746668,0.));
#3437=CARTESIAN_POINT('',(55.4182474767268,191.753537466915,0.));
#3438=CARTESIAN_POINT('Origin',(59.3179718529887,193.172921061715,0.));
#3439=CARTESIAN_POINT('',(63.217696229249,194.59230465652,0.));
#3440=CARTESIAN_POINT('Origin',(59.3179718529887,193.172921061715,0.));
#3441=CARTESIAN_POINT('',(63.217696229249,194.59230465652,0.));
#3442=CARTESIAN_POINT('Origin',(161.660589889624,234.759092757666,0.));
#3443=CARTESIAN_POINT('Origin',(161.660589889624,234.759092757666,0.));
#3444=CARTESIAN_POINT('Origin',(59.3412039560142,263.97172687849,24.6549318713861));
#3445=CARTESIAN_POINT('',(59.3412039560142,263.97172687849,28.6549318713859));
#3446=CARTESIAN_POINT('',(59.3412039560141,263.97172687849,20.654931871386));
#3447=CARTESIAN_POINT('Origin',(73.8412039560142,263.97172687849,20.6549318713859));
#3448=CARTESIAN_POINT('',(73.8412039560142,263.97172687849,20.6549318713859));
#3449=CARTESIAN_POINT('Origin',(73.8412039560142,263.97172687849,24.6549318713859));
#3450=CARTESIAN_POINT('',(73.8412039560142,263.97172687849,28.6549318713859));
#3451=CARTESIAN_POINT('Origin',(59.3412039560142,263.97172687849,28.6549318713859));
#3452=CARTESIAN_POINT('Origin',(31.8412039560142,263.97172687849,24.6549318713859));
#3453=CARTESIAN_POINT('',(31.8412039560143,263.97172687849,28.6549318713859));
#3454=CARTESIAN_POINT('',(31.8412039560142,263.97172687849,20.6549318713859));
#3455=CARTESIAN_POINT('Origin',(46.3412039560141,263.97172687849,20.6549318713859));
#3456=CARTESIAN_POINT('',(46.3412039560141,263.97172687849,20.6549318713859));
#3457=CARTESIAN_POINT('Origin',(46.3412039560142,263.97172687849,24.6549318713859));
#3458=CARTESIAN_POINT('',(46.3412039560143,263.97172687849,28.6549318713859));
#3459=CARTESIAN_POINT('Origin',(31.8412039560143,263.97172687849,28.6549318713859));
#3460=CARTESIAN_POINT('Origin',(117.741856567833,263.97172687849,24.6549318713859));
#3461=CARTESIAN_POINT('',(117.741856567834,263.97172687849,28.6549318713859));
#3462=CARTESIAN_POINT('',(117.741856567833,263.97172687849,20.6549318713859));
#3463=CARTESIAN_POINT('Origin',(132.241856567833,263.97172687849,20.6549318713859));
#3464=CARTESIAN_POINT('',(132.241856567833,263.97172687849,20.6549318713859));
#3465=CARTESIAN_POINT('Origin',(132.241856567834,263.97172687849,24.6549318713859));
#3466=CARTESIAN_POINT('',(132.241856567834,263.97172687849,28.6549318713859));
#3467=CARTESIAN_POINT('Origin',(117.741856567834,263.97172687849,28.6549318713859));
#3468=CARTESIAN_POINT('Origin',(145.241856567834,263.97172687849,24.6549318713859));
#3469=CARTESIAN_POINT('',(145.241856567834,263.97172687849,28.6549318713859));
#3470=CARTESIAN_POINT('',(145.241856567833,263.97172687849,20.6549318713859));
#3471=CARTESIAN_POINT('Origin',(159.741856567833,263.97172687849,20.6549318713859));
#3472=CARTESIAN_POINT('',(159.741856567833,263.97172687849,20.6549318713859));
#3473=CARTESIAN_POINT('Origin',(159.741856567833,263.97172687849,24.6549318713859));
#3474=CARTESIAN_POINT('',(159.741856567833,263.97172687849,28.6549318713859));
#3475=CARTESIAN_POINT('Origin',(145.241856567834,263.97172687849,28.6549318713859));
#3476=CARTESIAN_POINT('Origin',(151.188593043027,234.674445592214,0.));
#3477=CARTESIAN_POINT('',(147.188593043027,234.674445592214,0.));
#3478=CARTESIAN_POINT('',(147.188593043027,234.674445592214,0.));
#3479=CARTESIAN_POINT('Origin',(151.188593043027,234.674445592214,0.));
#3480=CARTESIAN_POINT('Origin',(103.071616890569,217.330486095917,0.));
#3481=CARTESIAN_POINT('',(162.057487478588,217.330486095917,0.));
#3482=CARTESIAN_POINT('',(103.071616890569,217.330486095917,0.));
#3483=CARTESIAN_POINT('',(162.057487478588,217.330486095917,0.));
#3484=CARTESIAN_POINT('',(162.057487478588,217.330486095917,0.));
#3485=CARTESIAN_POINT('',(103.071616890569,217.330486095917,0.));
#3486=CARTESIAN_POINT('Origin',(103.241374638467,192.007971557878,0.));
#3487=CARTESIAN_POINT('',(78.4170367494788,197.009052300631,0.));
#3488=CARTESIAN_POINT('Origin',(103.241374638467,192.007971557878,0.));
#3489=CARTESIAN_POINT('',(78.4170367494788,197.009052300631,0.));
#3490=CARTESIAN_POINT('Origin',(56.0552003027271,202.450243687387,0.));
#3491=CARTESIAN_POINT('',(37.0104893597124,189.529048770686,0.));
#3492=CARTESIAN_POINT('Origin',(56.0552003027271,202.450243687387,0.));
#3493=CARTESIAN_POINT('',(37.0104893597124,189.529048770686,0.));
#3494=CARTESIAN_POINT('Origin',(108.105469955893,236.760576012692,0.));
#3495=CARTESIAN_POINT('Origin',(108.105469955893,236.760576012692,0.));
#3496=CARTESIAN_POINT('Origin',(162.057487478588,225.330486095917,0.));
#3497=CARTESIAN_POINT('Origin',(162.057487478588,225.330486095917,0.));
#3498=CARTESIAN_POINT('Origin',(294.513365140281,235.648220656695,0.));
#3499=CARTESIAN_POINT('Origin',(367.513365140281,291.860503893595,13.6909151062789));
#3500=CARTESIAN_POINT('',(367.513365140281,291.860503893595,8.00000000000004));
#3501=CARTESIAN_POINT('',(363.513365140281,291.860503893595,8.00000000000004));
#3502=CARTESIAN_POINT('',(367.513365140281,291.860503893595,8.00000000000004));
#3503=CARTESIAN_POINT('',(363.513365140281,291.860503893595,13.6909151062789));
#3504=CARTESIAN_POINT('',(363.513365140281,291.860503893595,-1.04778684233857));
#3505=CARTESIAN_POINT('',(367.513365140281,291.860503893595,13.6909151062789));
#3506=CARTESIAN_POINT('',(367.513365140281,291.860503893595,13.6909151062789));
#3507=CARTESIAN_POINT('',(367.513365140281,291.860503893595,-1.04778684233857));
#3508=CARTESIAN_POINT('Origin',(359.513365140281,235.860503893595,8.));
#3509=CARTESIAN_POINT('',(367.513365140281,179.860503893596,8.00000000000004));
#3510=CARTESIAN_POINT('',(367.513365140281,117.824110328347,8.00000000000004));
#3511=CARTESIAN_POINT('',(359.513365140281,179.860503893596,0.));
#3512=CARTESIAN_POINT('Origin',(359.513365140281,179.860503893596,8.));
#3513=CARTESIAN_POINT('',(359.513365140281,291.860503893595,0.));
#3514=CARTESIAN_POINT('',(359.513365140281,117.824110328347,0.));
#3515=CARTESIAN_POINT('Origin',(359.513365140281,291.860503893595,8.));
#3516=CARTESIAN_POINT('Origin',(363.513365140281,179.860503893596,8.00000000000001));
#3517=CARTESIAN_POINT('',(363.513365140281,179.860503893596,8.00000000000004));
#3518=CARTESIAN_POINT('',(367.513365140281,179.860503893596,8.00000000000004));
#3519=CARTESIAN_POINT('',(359.513365140281,179.860503893596,4.));
#3520=CARTESIAN_POINT('Origin',(359.513365140281,179.860503893596,8.));
#3521=CARTESIAN_POINT('',(359.513365140281,179.860503893596,0.));
#3522=CARTESIAN_POINT('Origin',(363.513365140282,235.648220656695,-66.0477868423386));
#3523=CARTESIAN_POINT('',(363.513365140281,117.824110328347,8.00000000000004));
#3524=CARTESIAN_POINT('',(363.513365140281,179.860503893596,133.952213157661));
#3525=CARTESIAN_POINT('',(363.513365140282,179.860503893596,-131.047786842339));
#3526=CARTESIAN_POINT('',(363.513365140281,184.860503893595,138.952213157661));
#3527=CARTESIAN_POINT('Origin',(363.513365140281,184.860503893595,133.952213157661));
#3528=CARTESIAN_POINT('',(363.513365140281,204.860503893596,138.952213157661));
#3529=CARTESIAN_POINT('',(363.513365140281,184.860503893595,138.952213157661));
#3530=CARTESIAN_POINT('',(363.513365140281,209.860503893596,133.952213157661));
#3531=CARTESIAN_POINT('Origin',(363.513365140281,204.860503893596,133.952213157661));
#3532=CARTESIAN_POINT('',(363.513365140281,209.860503893596,66.658535315761));
#3533=CARTESIAN_POINT('',(363.513365140281,209.860503893596,133.952213157661));
#3534=CARTESIAN_POINT('',(363.513365140281,224.580337165252,47.3681273542663));
#3535=CARTESIAN_POINT('Origin',(363.513365140281,229.860503893596,66.658535315761));
#3536=CARTESIAN_POINT('',(363.513365140281,277.140670621939,32.9813230677735));
#3537=CARTESIAN_POINT('',(363.513365140281,277.140670621939,32.9813230677735));
#3538=CARTESIAN_POINT('Origin',(363.513365140281,271.860503893595,13.6909151062789));
#3539=CARTESIAN_POINT('',(363.513365140281,189.89856311647,123.593915218569));
#3540=CARTESIAN_POINT('Origin',(363.513365140281,189.89856311647,127.593915218569));
#3541=CARTESIAN_POINT('',(363.513365140281,189.89856311647,23.5939152185694));
#3542=CARTESIAN_POINT('Origin',(363.513365140281,189.89856311647,27.5939152185694));
#3543=CARTESIAN_POINT('Origin',(367.513365140282,235.648220656695,-66.0477868423386));
#3544=CARTESIAN_POINT('',(367.513365140281,277.140670621939,32.9813230677735));
#3545=CARTESIAN_POINT('Origin',(367.513365140281,271.860503893595,13.6909151062789));
#3546=CARTESIAN_POINT('',(367.513365140281,224.580337165252,47.3681273542663));
#3547=CARTESIAN_POINT('',(367.513365140281,277.140670621939,32.9813230677735));
#3548=CARTESIAN_POINT('',(367.513365140281,209.860503893596,66.658535315761));
#3549=CARTESIAN_POINT('Origin',(367.513365140281,229.860503893596,66.658535315761));
#3550=CARTESIAN_POINT('',(367.513365140281,209.860503893596,133.952213157661));
#3551=CARTESIAN_POINT('',(367.513365140281,209.860503893596,133.952213157661));
#3552=CARTESIAN_POINT('',(367.513365140281,204.860503893596,138.952213157661));
#3553=CARTESIAN_POINT('Origin',(367.513365140281,204.860503893596,133.952213157661));
#3554=CARTESIAN_POINT('',(367.513365140281,184.860503893595,138.952213157661));
#3555=CARTESIAN_POINT('',(367.513365140281,184.860503893595,138.952213157661));
#3556=CARTESIAN_POINT('',(367.513365140281,179.860503893596,133.952213157661));
#3557=CARTESIAN_POINT('Origin',(367.513365140281,184.860503893595,133.952213157661));
#3558=CARTESIAN_POINT('',(367.513365140282,179.860503893596,-131.047786842339));
#3559=CARTESIAN_POINT('',(367.513365140281,189.89856311647,23.5939152185694));
#3560=CARTESIAN_POINT('Origin',(367.513365140281,189.89856311647,27.5939152185694));
#3561=CARTESIAN_POINT('',(367.513365140281,189.89856311647,123.593915218569));
#3562=CARTESIAN_POINT('Origin',(367.513365140281,189.89856311647,127.593915218569));
#3563=CARTESIAN_POINT('Origin',(94.5133651402813,179.860503893596,0.));
#3564=CARTESIAN_POINT('',(229.513365140281,179.860503893596,4.));
#3565=CARTESIAN_POINT('',(229.513365140281,179.860503893596,4.));
#3566=CARTESIAN_POINT('',(229.513365140281,179.860503893596,0.));
#3567=CARTESIAN_POINT('',(229.513365140281,179.860503893596,0.));
#3568=CARTESIAN_POINT('',(229.513365140281,179.860503893596,0.));
#3569=CARTESIAN_POINT('Origin',(294.513365140281,235.648220656695,4.));
#3570=CARTESIAN_POINT('',(359.513365140281,291.860503893595,4.));
#3571=CARTESIAN_POINT('',(359.513365140281,117.824110328347,4.));
#3572=CARTESIAN_POINT('',(229.513365140281,291.860503893595,4.));
#3573=CARTESIAN_POINT('',(359.513365140281,291.860503893595,4.));
#3574=CARTESIAN_POINT('',(229.513365140281,117.824110328347,4.));
#3575=CARTESIAN_POINT('',(246.013365140281,235.860503893596,4.));
#3576=CARTESIAN_POINT('Origin',(294.513365140281,235.860503893596,4.));
#3577=CARTESIAN_POINT('',(335.975305917407,281.822444670721,4.));
#3578=CARTESIAN_POINT('Origin',(340.475305917407,281.822444670721,4.));
#3579=CARTESIAN_POINT('',(335.975305917407,189.89856311647,4.));
#3580=CARTESIAN_POINT('Origin',(340.475305917407,189.89856311647,4.));
#3581=CARTESIAN_POINT('',(244.051424363156,189.89856311647,4.));
#3582=CARTESIAN_POINT('Origin',(248.551424363156,189.89856311647,4.));
#3583=CARTESIAN_POINT('',(244.051424363156,281.822444670721,4.));
#3584=CARTESIAN_POINT('Origin',(248.551424363156,281.822444670721,4.));
#3585=CARTESIAN_POINT('Origin',(367.513365140281,291.860503893595,8.00000000000001));
#3586=CARTESIAN_POINT('',(359.513365140281,291.860503893595,0.));
#3587=CARTESIAN_POINT('Origin',(359.513365140281,291.860503893595,8.));
#3588=CARTESIAN_POINT('Origin',(221.513365140281,291.860503893595,-145.786488790956));
#3589=CARTESIAN_POINT('',(225.513365140281,291.860503893595,8.00000000000001));
#3590=CARTESIAN_POINT('',(221.513365140281,291.860503893595,8.00000000000001));
#3591=CARTESIAN_POINT('',(221.513365140281,291.860503893595,7.99999999999997));
#3592=CARTESIAN_POINT('',(221.513365140281,291.860503893595,13.6909151062789));
#3593=CARTESIAN_POINT('',(221.513365140281,291.860503893595,-131.047786842339));
#3594=CARTESIAN_POINT('',(225.513365140281,291.860503893595,13.6909151062789));
#3595=CARTESIAN_POINT('',(221.513365140281,291.860503893595,13.6909151062789));
#3596=CARTESIAN_POINT('',(225.513365140281,291.860503893595,-131.047786842339));
#3597=CARTESIAN_POINT('Origin',(229.513365140281,235.860503893595,8.));
#3598=CARTESIAN_POINT('',(225.513365140281,179.860503893596,8.00000000000001));
#3599=CARTESIAN_POINT('',(225.513365140281,117.824110328347,8.00000000000004));
#3600=CARTESIAN_POINT('Origin',(229.513365140281,179.860503893596,8.));
#3601=CARTESIAN_POINT('Origin',(229.513365140281,291.860503893595,8.));
#3602=CARTESIAN_POINT('Origin',(221.513365140281,179.860503893596,8.00000000000001));
#3603=CARTESIAN_POINT('',(221.513365140281,179.860503893596,8.00000000000001));
#3604=CARTESIAN_POINT('',(221.513365140281,179.860503893596,8.00000000000001));
#3605=CARTESIAN_POINT('Origin',(229.513365140281,179.860503893596,8.));
#3606=CARTESIAN_POINT('Origin',(221.513365140281,235.648220656695,-66.0477868423386));
#3607=CARTESIAN_POINT('',(221.513365140281,117.824110328347,8.00000000000004));
#3608=CARTESIAN_POINT('',(221.513365140282,179.860503893595,133.952213157661));
#3609=CARTESIAN_POINT('',(221.513365140281,179.860503893596,-1.04778684233864));
#3610=CARTESIAN_POINT('',(221.513365140282,184.860503893595,138.952213157661));
#3611=CARTESIAN_POINT('Origin',(221.513365140282,184.860503893595,133.952213157661));
#3612=CARTESIAN_POINT('',(221.513365140282,204.860503893596,138.952213157661));
#3613=CARTESIAN_POINT('',(221.513365140282,184.860503893595,138.952213157661));
#3614=CARTESIAN_POINT('',(221.513365140282,209.860503893596,133.952213157661));
#3615=CARTESIAN_POINT('Origin',(221.513365140282,204.860503893596,133.952213157661));
#3616=CARTESIAN_POINT('',(221.513365140281,209.860503893596,66.6585353157609));
#3617=CARTESIAN_POINT('',(221.513365140282,209.860503893596,133.952213157661));
#3618=CARTESIAN_POINT('',(221.513365140281,224.580337165252,47.3681273542663));
#3619=CARTESIAN_POINT('Origin',(221.513365140281,229.860503893596,66.6585353157609));
#3620=CARTESIAN_POINT('',(221.513365140281,277.140670621939,32.9813230677735));
#3621=CARTESIAN_POINT('',(221.513365140281,277.140670621939,32.9813230677736));
#3622=CARTESIAN_POINT('Origin',(221.513365140281,271.860503893595,13.6909151062789));
#3623=CARTESIAN_POINT('',(221.513365140282,189.89856311647,131.593915218569));
#3624=CARTESIAN_POINT('Origin',(221.513365140282,189.89856311647,127.593915218569));
#3625=CARTESIAN_POINT('',(221.513365140281,189.89856311647,31.5939152185693));
#3626=CARTESIAN_POINT('Origin',(221.513365140281,189.89856311647,27.5939152185693));
#3627=CARTESIAN_POINT('Origin',(225.513365140281,235.648220656695,-66.0477868423386));
#3628=CARTESIAN_POINT('',(225.513365140281,277.140670621939,32.9813230677735));
#3629=CARTESIAN_POINT('Origin',(225.513365140281,271.860503893595,13.6909151062789));
#3630=CARTESIAN_POINT('',(225.513365140281,224.580337165252,47.3681273542663));
#3631=CARTESIAN_POINT('',(225.513365140281,277.140670621939,32.9813230677736));
#3632=CARTESIAN_POINT('',(225.513365140282,209.860503893596,66.6585353157609));
#3633=CARTESIAN_POINT('Origin',(225.513365140282,229.860503893596,66.6585353157609));
#3634=CARTESIAN_POINT('',(225.513365140282,209.860503893596,133.952213157661));
#3635=CARTESIAN_POINT('',(225.513365140282,209.860503893596,133.952213157661));
#3636=CARTESIAN_POINT('',(225.513365140282,204.860503893596,138.952213157661));
#3637=CARTESIAN_POINT('Origin',(225.513365140282,204.860503893596,133.952213157661));
#3638=CARTESIAN_POINT('',(225.513365140282,184.860503893595,138.952213157661));
#3639=CARTESIAN_POINT('',(225.513365140282,184.860503893595,138.952213157661));
#3640=CARTESIAN_POINT('',(225.513365140282,179.860503893595,133.952213157661));
#3641=CARTESIAN_POINT('Origin',(225.513365140282,184.860503893595,133.952213157661));
#3642=CARTESIAN_POINT('',(225.513365140281,179.860503893596,-1.04778684233864));
#3643=CARTESIAN_POINT('',(225.513365140282,189.89856311647,131.593915218569));
#3644=CARTESIAN_POINT('Origin',(225.513365140282,189.89856311647,127.593915218569));
#3645=CARTESIAN_POINT('',(225.513365140281,189.89856311647,31.5939152185693));
#3646=CARTESIAN_POINT('Origin',(225.513365140281,189.89856311647,27.5939152185693));
#3647=CARTESIAN_POINT('Origin',(367.513365140282,179.860503893596,-266.047786842339));
#3648=CARTESIAN_POINT('',(367.513365140281,179.860503893596,133.952213157661));
#3649=CARTESIAN_POINT('Origin',(294.513365140281,235.648220656695,0.));
#3650=CARTESIAN_POINT('',(229.513365140281,291.860503893595,0.));
#3651=CARTESIAN_POINT('',(229.513365140281,117.824110328347,0.));
#3652=CARTESIAN_POINT('',(359.513365140281,291.860503893595,0.));
#3653=CARTESIAN_POINT('',(246.013365140281,235.860503893596,0.));
#3654=CARTESIAN_POINT('Origin',(294.513365140281,235.860503893596,0.));
#3655=CARTESIAN_POINT('',(335.975305917407,281.822444670721,0.));
#3656=CARTESIAN_POINT('Origin',(340.475305917407,281.822444670721,0.));
#3657=CARTESIAN_POINT('',(335.975305917407,189.89856311647,0.));
#3658=CARTESIAN_POINT('Origin',(340.475305917407,189.89856311647,0.));
#3659=CARTESIAN_POINT('',(244.051424363156,189.89856311647,0.));
#3660=CARTESIAN_POINT('Origin',(248.551424363156,189.89856311647,0.));
#3661=CARTESIAN_POINT('',(244.051424363156,281.822444670721,0.));
#3662=CARTESIAN_POINT('Origin',(248.551424363156,281.822444670721,0.));
#3663=CARTESIAN_POINT('Origin',(225.513365140281,291.860503893595,8.00000000000001));
#3664=CARTESIAN_POINT('',(229.513365140281,291.860503893595,0.));
#3665=CARTESIAN_POINT('Origin',(229.513365140281,291.860503893595,8.));
#3666=CARTESIAN_POINT('Origin',(294.513365140281,235.860503893596,0.));
#3667=CARTESIAN_POINT('',(246.013365140281,235.860503893596,0.));
#3668=CARTESIAN_POINT('Origin',(221.513365140282,189.89856311647,127.593915218569));
#3669=CARTESIAN_POINT('',(221.513365140282,189.89856311647,131.593915218569));
#3670=CARTESIAN_POINT('Origin',(221.513365140281,189.89856311647,27.5939152185693));
#3671=CARTESIAN_POINT('',(221.513365140281,189.89856311647,31.5939152185693));
#3672=CARTESIAN_POINT('Origin',(367.513365140281,189.89856311647,127.593915218569));
#3673=CARTESIAN_POINT('',(367.513365140281,189.89856311647,123.593915218569));
#3674=CARTESIAN_POINT('Origin',(367.513365140281,189.89856311647,27.5939152185694));
#3675=CARTESIAN_POINT('',(367.513365140281,189.89856311647,23.5939152185694));
#3676=CARTESIAN_POINT('Origin',(340.475305917407,281.822444670721,0.));
#3677=CARTESIAN_POINT('',(335.975305917407,281.822444670721,0.));
#3678=CARTESIAN_POINT('Origin',(340.475305917407,189.89856311647,0.));
#3679=CARTESIAN_POINT('',(335.975305917407,189.89856311647,0.));
#3680=CARTESIAN_POINT('Origin',(248.551424363156,189.89856311647,0.));
#3681=CARTESIAN_POINT('',(244.051424363156,189.89856311647,0.));
#3682=CARTESIAN_POINT('Origin',(248.551424363156,281.822444670721,0.));
#3683=CARTESIAN_POINT('',(244.051424363156,281.822444670721,0.));
#3684=CARTESIAN_POINT('Origin',(374.252067088899,291.860503893595,0.));
#3685=CARTESIAN_POINT('Origin',(367.513365140281,271.860503893595,13.6909151062789));
#3686=CARTESIAN_POINT('',(367.513365140281,277.140670621939,32.9813230677735));
#3687=CARTESIAN_POINT('Origin',(367.513365140281,224.580337165252,47.3681273542663));
#3688=CARTESIAN_POINT('',(367.513365140281,224.580337165252,47.3681273542663));
#3689=CARTESIAN_POINT('Origin',(367.513365140281,229.860503893596,66.658535315761));
#3690=CARTESIAN_POINT('',(367.513365140281,209.860503893596,66.658535315761));
#3691=CARTESIAN_POINT('Origin',(367.513365140281,209.860503893596,133.952213157661));
#3692=CARTESIAN_POINT('',(367.513365140281,209.860503893596,133.952213157661));
#3693=CARTESIAN_POINT('Origin',(367.513365140281,204.860503893596,133.952213157661));
#3694=CARTESIAN_POINT('',(367.513365140281,204.860503893596,138.952213157661));
#3695=CARTESIAN_POINT('Origin',(367.513365140281,184.860503893595,138.952213157661));
#3696=CARTESIAN_POINT('',(367.513365140281,184.860503893595,138.952213157661));
#3697=CARTESIAN_POINT('Origin',(367.513365140281,184.860503893595,133.952213157661));
#3698=CARTESIAN_POINT('Origin',(221.513365140282,179.860503893596,133.952213157661));
#3699=CARTESIAN_POINT('',(221.513365140282,179.860503893595,133.952213157661));
#3700=CARTESIAN_POINT('Origin',(221.513365140282,184.860503893595,133.952213157661));
#3701=CARTESIAN_POINT('',(221.513365140282,184.860503893595,138.952213157661));
#3702=CARTESIAN_POINT('Origin',(221.513365140282,204.860503893596,138.952213157661));
#3703=CARTESIAN_POINT('',(221.513365140282,204.860503893596,138.952213157661));
#3704=CARTESIAN_POINT('Origin',(221.513365140282,204.860503893596,133.952213157661));
#3705=CARTESIAN_POINT('',(221.513365140282,209.860503893596,133.952213157661));
#3706=CARTESIAN_POINT('Origin',(221.513365140281,209.860503893596,66.6585353157609));
#3707=CARTESIAN_POINT('',(221.513365140281,209.860503893596,66.6585353157609));
#3708=CARTESIAN_POINT('Origin',(221.513365140281,229.860503893596,66.6585353157609));
#3709=CARTESIAN_POINT('',(221.513365140281,224.580337165252,47.3681273542663));
#3710=CARTESIAN_POINT('Origin',(221.513365140281,277.140670621939,32.9813230677736));
#3711=CARTESIAN_POINT('',(221.513365140281,277.140670621939,32.9813230677735));
#3712=CARTESIAN_POINT('Origin',(221.513365140281,271.860503893595,13.6909151062789));
#3713=CARTESIAN_POINT('Origin',(359.513365140281,235.860503893595,8.));
#3714=CARTESIAN_POINT('Origin',(229.513365140281,235.860503893595,8.));
#3715=CARTESIAN_POINT('Origin',(418.969242801975,263.674445592214,15.9522131576614));
#3716=CARTESIAN_POINT('',(418.969242801975,263.674445592214,8.00000000000001));
#3717=CARTESIAN_POINT('',(418.969242801975,259.674445592214,8.00000000000001));
#3718=CARTESIAN_POINT('',(418.969242801975,263.674445592214,7.99999999999997));
#3719=CARTESIAN_POINT('',(418.969242801975,259.674445592214,25.9522131576614));
#3720=CARTESIAN_POINT('',(418.969242801975,259.674445592214,-31.3917463386358));
#3721=CARTESIAN_POINT('',(418.969242801975,263.674445592214,25.9522131576614));
#3722=CARTESIAN_POINT('',(418.969242801975,263.674445592214,25.9522131576614));
#3723=CARTESIAN_POINT('',(418.969242801975,263.674445592214,-31.3917463386358));
#3724=CARTESIAN_POINT('Origin',(492.577384563262,255.674445592214,8.));
#3725=CARTESIAN_POINT('',(566.185526324549,263.674445592214,8.00000000000001));
#3726=CARTESIAN_POINT('',(147.256682570141,263.674445592214,8.00000000000004));
#3727=CARTESIAN_POINT('',(566.185526324549,255.674445592214,0.));
#3728=CARTESIAN_POINT('Origin',(566.185526324549,255.674445592214,8.));
#3729=CARTESIAN_POINT('',(418.969242801975,255.674445592214,0.));
#3730=CARTESIAN_POINT('',(147.256682570141,255.674445592214,0.));
#3731=CARTESIAN_POINT('Origin',(418.969242801975,255.674445592214,8.));
#3732=CARTESIAN_POINT('Origin',(566.185526324549,259.674445592214,8.00000000000001));
#3733=CARTESIAN_POINT('',(566.185526324549,259.674445592214,8.00000000000001));
#3734=CARTESIAN_POINT('',(566.185526324549,263.674445592214,7.99999999999997));
#3735=CARTESIAN_POINT('',(566.185526324549,255.674445592214,4.));
#3736=CARTESIAN_POINT('Origin',(566.185526324549,255.674445592214,8.));
#3737=CARTESIAN_POINT('',(566.185526324549,255.674445592214,0.));
#3738=CARTESIAN_POINT('Origin',(294.513365140281,259.674445592214,-21.0740117778582));
#3739=CARTESIAN_POINT('',(147.256682570141,259.674445592214,8.00000000000004));
#3740=CARTESIAN_POINT('',(566.185526324549,259.674445592214,28.9522131576614));
#3741=CARTESIAN_POINT('',(566.185526324549,259.674445592214,18.9522131576614));
#3742=CARTESIAN_POINT('',(561.185526324549,259.674445592214,33.9522131576614));
#3743=CARTESIAN_POINT('Origin',(561.185526324549,259.674445592214,28.9522131576614));
#3744=CARTESIAN_POINT('',(426.969242801975,259.674445592214,33.9522131576614));
#3745=CARTESIAN_POINT('',(427.849445732415,259.674445592214,33.9522131576614));
#3746=CARTESIAN_POINT('Origin',(426.969242801975,259.674445592214,25.9522131576614));
#3747=CARTESIAN_POINT('',(529.685526324549,259.674445592214,20.9522131576614));
#3748=CARTESIAN_POINT('',(515.185526324549,259.674445592214,20.9522131576614));
#3749=CARTESIAN_POINT('',(515.185526324549,259.674445592214,20.9522131576614));
#3750=CARTESIAN_POINT('',(515.185526324549,259.674445592214,28.9522131576614));
#3751=CARTESIAN_POINT('Origin',(515.185526324549,259.674445592214,24.9522131576614));
#3752=CARTESIAN_POINT('',(529.685526324549,259.674445592214,28.9522131576616));
#3753=CARTESIAN_POINT('',(529.685526324549,259.674445592214,28.9522131576614));
#3754=CARTESIAN_POINT('Origin',(529.685526324549,259.674445592214,24.9522131576615));
#3755=CARTESIAN_POINT('',(557.185526324549,259.674445592214,20.9522131576614));
#3756=CARTESIAN_POINT('',(542.685526324549,259.674445592214,20.9522131576614));
#3757=CARTESIAN_POINT('',(542.685526324549,259.674445592214,20.9522131576614));
#3758=CARTESIAN_POINT('',(542.685526324549,259.674445592214,28.9522131576614));
#3759=CARTESIAN_POINT('Origin',(542.685526324549,259.674445592214,24.9522131576614));
#3760=CARTESIAN_POINT('',(557.185526324549,259.674445592214,28.9522131576614));
#3761=CARTESIAN_POINT('',(557.185526324549,259.674445592214,28.9522131576614));
#3762=CARTESIAN_POINT('Origin',(557.185526324549,259.674445592214,24.9522131576614));
#3763=CARTESIAN_POINT('',(471.284873712729,259.674445592214,20.9522131576615));
#3764=CARTESIAN_POINT('',(456.784873712729,259.674445592214,20.9522131576614));
#3765=CARTESIAN_POINT('',(456.784873712729,259.674445592214,20.9522131576614));
#3766=CARTESIAN_POINT('',(456.784873712729,259.674445592214,28.9522131576615));
#3767=CARTESIAN_POINT('Origin',(456.784873712729,259.674445592214,24.9522131576614));
#3768=CARTESIAN_POINT('',(471.284873712729,259.674445592214,28.9522131576613));
#3769=CARTESIAN_POINT('',(471.284873712729,259.674445592214,28.9522131576614));
#3770=CARTESIAN_POINT('Origin',(471.284873712729,259.674445592214,24.9522131576614));
#3771=CARTESIAN_POINT('',(443.784873712729,259.674445592214,20.9522131576614));
#3772=CARTESIAN_POINT('',(429.284873712729,259.674445592214,20.9522131576614));
#3773=CARTESIAN_POINT('',(429.284873712729,259.674445592214,20.9522131576614));
#3774=CARTESIAN_POINT('',(429.284873712729,259.674445592214,28.9522131576614));
#3775=CARTESIAN_POINT('Origin',(429.284873712729,259.674445592214,24.9522131576614));
#3776=CARTESIAN_POINT('',(443.784873712729,259.674445592214,28.9522131576614));
#3777=CARTESIAN_POINT('',(443.784873712729,259.674445592214,28.9522131576614));
#3778=CARTESIAN_POINT('Origin',(443.784873712729,259.674445592214,24.9522131576614));
#3779=CARTESIAN_POINT('Origin',(294.513365140281,263.674445592214,-21.0740117778582));
#3780=CARTESIAN_POINT('',(426.969242801975,263.674445592214,33.9522131576614));
#3781=CARTESIAN_POINT('Origin',(426.969242801975,263.674445592214,25.9522131576614));
#3782=CARTESIAN_POINT('',(561.185526324549,263.674445592214,33.9522131576614));
#3783=CARTESIAN_POINT('',(427.849445732415,263.674445592214,33.9522131576614));
#3784=CARTESIAN_POINT('',(566.185526324549,263.674445592214,28.9522131576614));
#3785=CARTESIAN_POINT('Origin',(561.185526324549,263.674445592214,28.9522131576614));
#3786=CARTESIAN_POINT('',(566.185526324549,263.674445592214,18.9522131576614));
#3787=CARTESIAN_POINT('',(515.185526324549,263.674445592214,20.9522131576614));
#3788=CARTESIAN_POINT('',(529.685526324549,263.674445592214,20.9522131576614));
#3789=CARTESIAN_POINT('',(515.185526324549,263.674445592214,20.9522131576614));
#3790=CARTESIAN_POINT('',(529.685526324549,263.674445592214,28.9522131576616));
#3791=CARTESIAN_POINT('Origin',(529.685526324549,263.674445592214,24.9522131576615));
#3792=CARTESIAN_POINT('',(515.185526324549,263.674445592214,28.9522131576614));
#3793=CARTESIAN_POINT('',(529.685526324549,263.674445592214,28.9522131576614));
#3794=CARTESIAN_POINT('Origin',(515.185526324549,263.674445592214,24.9522131576614));
#3795=CARTESIAN_POINT('',(542.685526324549,263.674445592214,20.9522131576614));
#3796=CARTESIAN_POINT('',(557.185526324549,263.674445592214,20.9522131576614));
#3797=CARTESIAN_POINT('',(542.685526324549,263.674445592214,20.9522131576614));
#3798=CARTESIAN_POINT('',(557.185526324549,263.674445592214,28.9522131576614));
#3799=CARTESIAN_POINT('Origin',(557.185526324549,263.674445592214,24.9522131576614));
#3800=CARTESIAN_POINT('',(542.685526324549,263.674445592214,28.9522131576614));
#3801=CARTESIAN_POINT('',(557.185526324549,263.674445592214,28.9522131576614));
#3802=CARTESIAN_POINT('Origin',(542.685526324549,263.674445592214,24.9522131576614));
#3803=CARTESIAN_POINT('',(456.784873712729,263.674445592214,20.9522131576614));
#3804=CARTESIAN_POINT('',(471.284873712729,263.674445592214,20.9522131576615));
#3805=CARTESIAN_POINT('',(456.784873712729,263.674445592214,20.9522131576614));
#3806=CARTESIAN_POINT('',(471.284873712729,263.674445592214,28.9522131576613));
#3807=CARTESIAN_POINT('Origin',(471.284873712729,263.674445592214,24.9522131576614));
#3808=CARTESIAN_POINT('',(456.784873712729,263.674445592214,28.9522131576615));
#3809=CARTESIAN_POINT('',(471.284873712729,263.674445592214,28.9522131576614));
#3810=CARTESIAN_POINT('Origin',(456.784873712729,263.674445592214,24.9522131576614));
#3811=CARTESIAN_POINT('',(429.284873712729,263.674445592214,20.9522131576614));
#3812=CARTESIAN_POINT('',(443.784873712729,263.674445592214,20.9522131576614));
#3813=CARTESIAN_POINT('',(429.284873712729,263.674445592214,20.9522131576614));
#3814=CARTESIAN_POINT('',(443.784873712729,263.674445592214,28.9522131576614));
#3815=CARTESIAN_POINT('Origin',(443.784873712729,263.674445592214,24.9522131576614));
#3816=CARTESIAN_POINT('',(429.284873712729,263.674445592214,28.9522131576614));
#3817=CARTESIAN_POINT('',(443.784873712729,263.674445592214,28.9522131576614));
#3818=CARTESIAN_POINT('Origin',(429.284873712729,263.674445592214,24.9522131576614));
#3819=CARTESIAN_POINT('Origin',(566.185526324549,240.674445592218,0.));
#3820=CARTESIAN_POINT('',(566.185526324549,240.674445592218,4.));
#3821=CARTESIAN_POINT('',(566.185526324549,275.674445592214,4.));
#3822=CARTESIAN_POINT('',(566.185526324549,240.674445592218,0.));
#3823=CARTESIAN_POINT('',(566.185526324549,240.674445592218,0.));
#3824=CARTESIAN_POINT('',(566.185526324549,275.674445592214,0.));
#3825=CARTESIAN_POINT('Origin',(294.513365140281,235.648220656695,4.));
#3826=CARTESIAN_POINT('',(418.969242801975,255.674445592214,4.));
#3827=CARTESIAN_POINT('',(147.256682570141,255.674445592214,4.));
#3828=CARTESIAN_POINT('',(418.969242801975,225.330486095917,4.));
#3829=CARTESIAN_POINT('',(418.969242801975,225.330486095917,4.));
#3830=CARTESIAN_POINT('',(426.969242801975,217.330486095917,4.));
#3831=CARTESIAN_POINT('Origin',(426.969242801975,225.330486095917,4.));
#3832=CARTESIAN_POINT('',(485.955113389994,217.330486095917,4.));
#3833=CARTESIAN_POINT('',(426.969242801975,217.330486095917,4.));
#3834=CARTESIAN_POINT('',(510.609693531084,197.009052300631,4.));
#3835=CARTESIAN_POINT('Origin',(485.785355642096,192.007971557878,4.));
#3836=CARTESIAN_POINT('',(552.01624092085,189.529048770686,4.));
#3837=CARTESIAN_POINT('Origin',(532.971529977836,202.450243687387,4.));
#3838=CARTESIAN_POINT('Origin',(480.92126032467,236.760576012692,4.));
#3839=CARTESIAN_POINT('',(533.608482803836,191.753537466915,4.));
#3840=CARTESIAN_POINT('',(525.809034051314,194.59230465652,4.));
#3841=CARTESIAN_POINT('Origin',(529.708758427574,193.172921061715,4.));
#3842=CARTESIAN_POINT('',(533.688137237535,234.674445592214,4.));
#3843=CARTESIAN_POINT('Origin',(427.366140390939,234.759092757666,4.));
#3844=CARTESIAN_POINT('',(541.988137237535,234.674445592214,4.));
#3845=CARTESIAN_POINT('Origin',(537.838137237535,234.674445592214,4.));
#3846=CARTESIAN_POINT('Origin',(436.310284566255,233.027984746668,4.));
#3847=CARTESIAN_POINT('',(433.838137237535,234.674445592214,4.));
#3848=CARTESIAN_POINT('Origin',(437.838137237535,234.674445592214,4.));
#3849=CARTESIAN_POINT('Origin',(418.969242801975,263.674445592214,8.00000000000001));
#3850=CARTESIAN_POINT('',(418.969242801975,255.674445592214,0.));
#3851=CARTESIAN_POINT('Origin',(418.969242801975,255.674445592214,8.));
#3852=CARTESIAN_POINT('Origin',(561.185526324549,263.674445592214,28.9522131576614));
#3853=CARTESIAN_POINT('',(561.185526324549,263.674445592214,33.9522131576614));
#3854=CARTESIAN_POINT('',(566.185526324549,263.674445592214,28.9522131576614));
#3855=CARTESIAN_POINT('Origin',(566.185526324549,263.674445592214,-16.0477868423344));
#3856=CARTESIAN_POINT('Origin',(492.577384563262,255.674445592214,8.));
#3857=CARTESIAN_POINT('Origin',(426.969242801975,263.674445592214,25.9522131576614));
#3858=CARTESIAN_POINT('',(426.969242801975,263.674445592214,33.9522131576614));
#3859=CARTESIAN_POINT('Origin',(418.969242801975,272.674445592214,0.));
#3860=CARTESIAN_POINT('',(418.969242801975,225.330486095917,0.));
#3861=CARTESIAN_POINT('',(418.969242801975,225.330486095917,0.));
#3862=CARTESIAN_POINT('',(418.969242801975,225.330486095917,0.));
#3863=CARTESIAN_POINT('Origin',(561.185526324549,263.674445592214,33.9522131576614));
#3864=CARTESIAN_POINT('Origin',(436.310284566255,233.027984746668,0.));
#3865=CARTESIAN_POINT('',(533.608482803836,191.753537466915,0.));
#3866=CARTESIAN_POINT('',(541.988137237535,234.674445592214,0.));
#3867=CARTESIAN_POINT('Origin',(436.310284566255,233.027984746668,0.));
#3868=CARTESIAN_POINT('',(533.608482803836,191.753537466915,0.));
#3869=CARTESIAN_POINT('',(541.988137237535,234.674445592214,0.));
#3870=CARTESIAN_POINT('Origin',(537.838137237535,234.674445592214,0.));
#3871=CARTESIAN_POINT('',(533.688137237535,234.674445592214,0.));
#3872=CARTESIAN_POINT('Origin',(537.838137237535,234.674445592214,0.));
#3873=CARTESIAN_POINT('',(533.688137237535,234.674445592214,0.));
#3874=CARTESIAN_POINT('Origin',(427.366140390939,234.759092757666,0.));
#3875=CARTESIAN_POINT('',(525.809034051314,194.59230465652,0.));
#3876=CARTESIAN_POINT('Origin',(427.366140390939,234.759092757666,0.));
#3877=CARTESIAN_POINT('',(525.809034051314,194.59230465652,0.));
#3878=CARTESIAN_POINT('Origin',(529.708758427574,193.172921061715,0.));
#3879=CARTESIAN_POINT('Origin',(529.708758427574,193.172921061715,0.));
#3880=CARTESIAN_POINT('Origin',(529.685526324549,263.674445592214,24.9522131576615));
#3881=CARTESIAN_POINT('',(529.685526324549,263.674445592214,20.9522131576614));
#3882=CARTESIAN_POINT('',(529.685526324549,263.674445592214,28.9522131576616));
#3883=CARTESIAN_POINT('Origin',(515.185526324549,263.674445592214,28.9522131576614));
#3884=CARTESIAN_POINT('',(515.185526324549,263.674445592214,28.9522131576614));
#3885=CARTESIAN_POINT('Origin',(515.185526324549,263.674445592214,24.9522131576614));
#3886=CARTESIAN_POINT('',(515.185526324549,263.674445592214,20.9522131576614));
#3887=CARTESIAN_POINT('Origin',(529.685526324549,263.674445592214,20.9522131576614));
#3888=CARTESIAN_POINT('Origin',(557.185526324549,263.674445592214,24.9522131576614));
#3889=CARTESIAN_POINT('',(557.185526324549,263.674445592214,20.9522131576614));
#3890=CARTESIAN_POINT('',(557.185526324549,263.674445592214,28.9522131576614));
#3891=CARTESIAN_POINT('Origin',(542.685526324549,263.674445592214,28.9522131576614));
#3892=CARTESIAN_POINT('',(542.685526324549,263.674445592214,28.9522131576614));
#3893=CARTESIAN_POINT('Origin',(542.685526324549,263.674445592214,24.9522131576614));
#3894=CARTESIAN_POINT('',(542.685526324549,263.674445592214,20.9522131576614));
#3895=CARTESIAN_POINT('Origin',(557.185526324549,263.674445592214,20.9522131576614));
#3896=CARTESIAN_POINT('Origin',(471.284873712729,263.674445592214,24.9522131576614));
#3897=CARTESIAN_POINT('',(471.284873712729,263.674445592214,20.9522131576615));
#3898=CARTESIAN_POINT('',(471.284873712729,263.674445592214,28.9522131576613));
#3899=CARTESIAN_POINT('Origin',(456.784873712729,263.674445592214,28.9522131576615));
#3900=CARTESIAN_POINT('',(456.784873712729,263.674445592214,28.9522131576615));
#3901=CARTESIAN_POINT('Origin',(456.784873712729,263.674445592214,24.9522131576614));
#3902=CARTESIAN_POINT('',(456.784873712729,263.674445592214,20.9522131576614));
#3903=CARTESIAN_POINT('Origin',(471.284873712729,263.674445592214,20.9522131576615));
#3904=CARTESIAN_POINT('Origin',(443.784873712729,263.674445592214,24.9522131576614));
#3905=CARTESIAN_POINT('',(443.784873712729,263.674445592214,20.9522131576614));
#3906=CARTESIAN_POINT('',(443.784873712729,263.674445592214,28.9522131576614));
#3907=CARTESIAN_POINT('Origin',(429.284873712729,263.674445592214,28.9522131576614));
#3908=CARTESIAN_POINT('',(429.284873712729,263.674445592214,28.9522131576614));
#3909=CARTESIAN_POINT('Origin',(429.284873712729,263.674445592214,24.9522131576614));
#3910=CARTESIAN_POINT('',(429.284873712729,263.674445592214,20.9522131576614));
#3911=CARTESIAN_POINT('Origin',(443.784873712729,263.674445592214,20.9522131576614));
#3912=CARTESIAN_POINT('Origin',(437.838137237535,234.674445592214,0.));
#3913=CARTESIAN_POINT('',(433.838137237535,234.674445592214,0.));
#3914=CARTESIAN_POINT('',(433.838137237535,234.674445592214,0.));
#3915=CARTESIAN_POINT('Origin',(437.838137237535,234.674445592214,0.));
#3916=CARTESIAN_POINT('Origin',(485.785355642096,192.007971557878,0.));
#3917=CARTESIAN_POINT('',(510.609693531084,197.009052300631,0.));
#3918=CARTESIAN_POINT('',(485.955113389994,217.330486095917,0.));
#3919=CARTESIAN_POINT('Origin',(485.785355642096,192.007971557878,0.));
#3920=CARTESIAN_POINT('',(510.609693531084,197.009052300631,0.));
#3921=CARTESIAN_POINT('',(485.955113389994,217.330486095917,0.));
#3922=CARTESIAN_POINT('Origin',(426.969242801975,217.330486095917,0.));
#3923=CARTESIAN_POINT('',(426.969242801975,217.330486095917,0.));
#3924=CARTESIAN_POINT('',(426.969242801975,217.330486095917,0.));
#3925=CARTESIAN_POINT('',(426.969242801975,217.330486095917,0.));
#3926=CARTESIAN_POINT('Origin',(426.969242801975,225.330486095917,0.));
#3927=CARTESIAN_POINT('Origin',(426.969242801975,225.330486095917,0.));
#3928=CARTESIAN_POINT('Origin',(480.92126032467,236.760576012692,0.));
#3929=CARTESIAN_POINT('',(552.01624092085,189.529048770686,0.));
#3930=CARTESIAN_POINT('Origin',(480.92126032467,236.760576012692,0.));
#3931=CARTESIAN_POINT('',(552.01624092085,189.529048770686,0.));
#3932=CARTESIAN_POINT('Origin',(532.971529977836,202.450243687387,0.));
#3933=CARTESIAN_POINT('Origin',(532.971529977836,202.450243687387,0.));
#3934=CARTESIAN_POINT('Origin',(294.513365140281,235.648220656695,0.));
#3935=UNCERTAINTY_MEASURE_WITH_UNIT(LENGTH_MEASURE(0.01),#3939,
'DISTANCE_ACCURACY_VALUE',
'Maximum model space distance between geometric entities at asserted c
onnectivities');
#3936=UNCERTAINTY_MEASURE_WITH_UNIT(LENGTH_MEASURE(0.01),#3939,
'DISTANCE_ACCURACY_VALUE',
'Maximum model space distance between geometric entities at asserted c
onnectivities');
#3937=(
GEOMETRIC_REPRESENTATION_CONTEXT(3)
GLOBAL_UNCERTAINTY_ASSIGNED_CONTEXT((#3935))
GLOBAL_UNIT_ASSIGNED_CONTEXT((#3939,#3941,#3942))
REPRESENTATION_CONTEXT('','3D')
);
#3938=(
GEOMETRIC_REPRESENTATION_CONTEXT(3)
GLOBAL_UNCERTAINTY_ASSIGNED_CONTEXT((#3936))
GLOBAL_UNIT_ASSIGNED_CONTEXT((#3939,#3941,#3942))
REPRESENTATION_CONTEXT('','3D')
);
#3939=(
LENGTH_UNIT()
NAMED_UNIT(*)
SI_UNIT(.MILLI.,.METRE.)
);
#3940=(
LENGTH_UNIT()
NAMED_UNIT(*)
SI_UNIT($,.METRE.)
);
#3941=(
NAMED_UNIT(*)
PLANE_ANGLE_UNIT()
SI_UNIT($,.RADIAN.)
);
#3942=(
NAMED_UNIT(*)
SI_UNIT($,.STERADIAN.)
SOLID_ANGLE_UNIT()
);
#3943=SHAPE_DEFINITION_REPRESENTATION(#3944,#3945);
#3944=PRODUCT_DEFINITION_SHAPE('',$,#3947);
#3945=SHAPE_REPRESENTATION('',(#2323),#3937);
#3946=PRODUCT_DEFINITION_CONTEXT('part definition',#3951,'design');
#3947=PRODUCT_DEFINITION('2026-01-23-23-42-40-589','110\X2\652F67B6\X0\',
#3948,#3946);
#3948=PRODUCT_DEFINITION_FORMATION('',$,#3953);
#3949=PRODUCT_RELATED_PRODUCT_CATEGORY('110\X2\652F67B6\X0\',
'110\X2\652F67B6\X0\',(#3953));
#3950=APPLICATION_PROTOCOL_DEFINITION('international standard',
'automotive_design',2009,#3951);
#3951=APPLICATION_CONTEXT(
'Core Data for Automotive Mechanical Design Process');
#3952=PRODUCT_CONTEXT('part definition',#3951,'mechanical');
#3953=PRODUCT('2026-01-23-23-42-40-589','110\X2\652F67B6\X0\',$,(#3952));
#3954=PRESENTATION_STYLE_ASSIGNMENT((#3955));
#3955=SURFACE_STYLE_USAGE(.BOTH.,#3956);
#3956=SURFACE_SIDE_STYLE('',(#3957));
#3957=SURFACE_STYLE_FILL_AREA(#3958);
#3958=FILL_AREA_STYLE('\X2\94A2\X0\ - \X2\7F0E5149\X0\',(#3959));
#3959=FILL_AREA_STYLE_COLOUR('\X2\94A2\X0\ - \X2\7F0E5149\X0\',#3960);
#3960=COLOUR_RGB('\X2\94A2\X0\ - \X2\7F0E5149\X0\',0.627450980392157,0.627450980392157,
0.627450980392157);
ENDSEC;
END-ISO-10303-21;
